TradeDate;SecurityId;ISIN;SecShortName;IssuerName;SecCategory;QuoteList;CurrencyId;SecCurrencyId;FaceValue;SettlementCurrency;AccruedInterest;IsAddress;SettType;TradeMode;TotalVolume;TotalAmount;TotalDealCount;MaxDealPrice;MinDealPrice;ClosePrice;PrevClose;TrendClose;WAPrice;MarketPrice2;MP2Volume;MarketPrice3;MP3Volume;CurrentPrice;FirstCurrentPrice;TrendCurrentPrice;AverageDailyVolume;ClearingPrice;TrendClearingPrice;MornOpenVolume;MornOpenAmount;MornOpenPrice;MornLastVolume;MornLastAmount;MornLastPrice;MornMaxDealPrice;MornMinDealPrice;MornTotalVolume;MornTotalAmount;MornTotalCount;MornWAPrice;MornCurrentPrice;MainOpenVolume;MainOpenAmount;MainOpenPrice;MainLastVolume;MainLastAmount;MainLastPrice;MainMaxDealPrice;MainMinDealPrice;MainTotalVolume;MainTotalAmount;MainTotalCount;MainWAPrice;MainCurrentPrice;EveOpenVolume;EveOpenAmount;EveOpenPrice;EveLastVolume;EveLastAmount;EveLastPrice;EveMaxDealPrice;EveMinDealPrice;EveTotalVolume;EveTotalAmount;EveTotalCount;EveWAPrice;EveCurrentPrice
2023-07-14;VKCO@GR;US5603172082;VK Company Limited, GDR RUB;Citibank, N.A.;;Out of list;RUB;RUB;0.00000000;RUB;;Y;T2;Режим переговорных сделок;;;;;;;;;;;;;;;;;;;;0.00;0.00;0.00;0.00;0.00;0.00;0.00;0.00;0.00;0.00;0;0.00;0.00;0.00;0.00;0.00000000;0.00;0.00;0.00000000;0.00000000;0.00000000;0.00;0.00;0;0.00000000;0.00000000;0.00;0.00;0.00000000;0.00;0.00;0.00000000;0.00000000;0.00000000;0.00;0.00;0;0.00000000;0.00000000
2023-07-14;EG;BMG3223R1088;Everest Group, Ltd.;Everest Group, Ltd.;Акции иностранного эмитента обыкновенные;Out of list;USD;USD;0.01000000;USD;;Y;T1;Режим переговорных сделок;;;;;;;;;;;;;;;;;;;;0.00;0.00;0.00;0.00;0.00;0.00;0.00;0.00;0.00;0.00;0;0.00;0.00;0.00;0.00;0.00000000;0.00;0.00;0.00000000;0.00000000;0.00000000;0.00;0.00;0;0.00000000;0.00000000;0.00;0.00;0.00000000;0.00;0.00;0.00000000;0.00000000;0.00000000;0.00;0.00;0;0.00000000;0.00000000
2023-07-14;1;KYG217651051;CK Hutchison Holdings Limited;CK Hutchison Holdings Limited;Акции иностранного эмитента обыкновенные;Out of list;HKD;HKD;1.00000000;HKD;;N;T2;Режим основных торгов;82721.00;1730.00;47;48.00000000;47.65000000;48.00000000;47.80000000;0.42000000;47.82000000;47.82000000;63124.00;47.82000000;63124.00;48.00000000;47.80000000;0.42000000;;47.70;0.53000000;956.00;20.00;47.80;1906.00;40.00;47.65;47.85;47.65;19597.00;410.00;10;47.80;47.65;478.00;10.00;47.80000000;1440.00;30.00;48.00000000;48.00000000;47.65000000;63124.00;1320.00;37;47.82000000;48.00000000;0.00;0.00;0.00000000;0.00;0.00;0.00000000;0.00000000;0.00000000;0.00;0.00;0;0.00000000;48.00000000
2023-07-14;101;HK0101000591;Hang Lung Properties Limited;Hang Lung Properties Limited;Акции иностранного эмитента обыкновенные;Out of list;HKD;HKD;0.00000000;HKD;;N;T2;Режим основных торгов;88046.00;7500.00;31;11.86000000;11.68000000;11.84000000;11.72000000;1.02000000;11.74000000;11.77000000;44731.00;11.77000000;44731.00;11.84000000;11.72000000;0.34000000;;11.68;-0.17000000;2342.00;200.00;11.71;1168.00;100.00;11.68;11.71;11.68;43315.00;3700.00;13;11.71;11.68;2338.00;200.00;11.69000000;1184.00;100.00;11.84000000;11.86000000;11.69000000;44731.00;3800.00;18;11.77000000;11.84000000;0.00;0.00;0.00000000;0.00;0.00;0.00000000;0.00000000;0.00000000;0.00;0.00;0;0.00000000;11.84000000
2023-07-14;CSCO;US17275R1023;Cisco Systems, Inc.;Cisco Systems, Inc.;Акции иностранного эмитента обыкновенные;Out of list;USD;USD;0.00100000;USD;;Y;T0;Режим переговорных сделок;;;;;;;;;;;;;;;;;;;;0.00;0.00;0.00;0.00;0.00;0.00;0.00;0.00;0.00;0.00;0;0.00;0.00;0.00;0.00;0.00000000;0.00;0.00;0.00000000;0.00000000;0.00000000;0.00;0.00;0;0.00000000;0.00000000;0.00;0.00;0.00000000;0.00;0.00;0.00000000;0.00000000;0.00000000;0.00;0.00;0;0.00000000;0.00000000
2023-07-14;ABBV;US00287Y1091;AbbVie Inc.;AbbVie Inc.;Акции иностранного эмитента обыкновенные;Out of list;USD;USD;0.01000000;USD;;Y;T0;Режим переговорных сделок;;;;;;;;;;;;;;;;;;;;0.00;0.00;0.00;0.00;0.00;0.00;0.00;0.00;0.00;0.00;0;0.00;0.00;0.00;0.00;0.00000000;0.00;0.00;0.00000000;0.00000000;0.00000000;0.00;0.00;0;0.00000000;0.00000000;0.00;0.00;0.00000000;0.00;0.00;0.00000000;0.00000000;0.00000000;0.00;0.00;0;0.00000000;0.00000000
2023-07-14;ABBV;US00287Y1091;AbbVie Inc.;AbbVie Inc.;Акции иностранного эмитента обыкновенные;Out of list;USD;USD;0.01000000;USD;;Y;T1;Режим переговорных сделок;;;;;;;;;;;;;;;;;;;;0.00;0.00;0.00;0.00;0.00;0.00;0.00;0.00;0.00;0.00;0;0.00;0.00;0.00;0.00;0.00000000;0.00;0.00;0.00000000;0.00000000;0.00000000;0.00;0.00;0;0.00000000;0.00000000;0.00;0.00;0.00000000;0.00;0.00;0.00000000;0.00000000;0.00000000;0.00;0.00;0;0.00000000;0.00000000
2023-07-14;ABBV;US00287Y1091;AbbVie Inc.;AbbVie Inc.;Акции иностранного эмитента обыкновенные;Out of list;USD;USD;0.01000000;USD;;Y;T2;Режим переговорных сделок;;;;;;;;;;;;;;;;;;;;0.00;0.00;0.00;0.00;0.00;0.00;0.00;0.00;0.00;0.00;0;0.00;0.00;0.00;0.00;0.00000000;0.00;0.00;0.00000000;0.00000000;0.00000000;0.00;0.00;0;0.00000000;0.00000000;0.00;0.00;0.00000000;0.00;0.00;0.00000000;0.00000000;0.00000000;0.00;0.00;0;0.00000000;0.00000000
2023-07-14;GILD;US3755581036;GILEAD SCIENCES, INC.;GILEAD SCIENCES, INC.;Акции иностранного эмитента обыкновенные;Out of list;USD;USD;0.00100000;USD;;Y;T0;Режим переговорных сделок;;;;;;;;;;;;;;;;;;;;0.00;0.00;0.00;0.00;0.00;0.00;0.00;0.00;0.00;0.00;0;0.00;0.00;0.00;0.00;0.00000000;0.00;0.00;0.00000000;0.00000000;0.00000000;0.00;0.00;0;0.00000000;0.00000000;0.00;0.00;0.00000000;0.00;0.00;0.00000000;0.00000000;0.00000000;0.00;0.00;0;0.00000000;0.00000000
2023-07-14;GILD;US3755581036;GILEAD SCIENCES, INC.;GILEAD SCIENCES, INC.;Акции иностранного эмитента обыкновенные;Out of list;USD;USD;0.00100000;USD;;Y;T1;Режим переговорных сделок;;;;;;;;;;;;;;;;;;;;0.00;0.00;0.00;0.00;0.00;0.00;0.00;0.00;0.00;0.00;0;0.00;0.00;0.00;0.00;0.00000000;0.00;0.00;0.00000000;0.00000000;0.00000000;0.00;0.00;0;0.00000000;0.00000000;0.00;0.00;0.00000000;0.00;0.00;0.00000000;0.00000000;0.00000000;0.00;0.00;0;0.00000000;0.00000000
2023-07-14;GILD;US3755581036;GILEAD SCIENCES, INC.;GILEAD SCIENCES, INC.;Акции иностранного эмитента обыкновенные;Out of list;USD;USD;0.00100000;USD;;Y;T2;Режим переговорных сделок;;;;;;;;;;;;;;;;;;;;0.00;0.00;0.00;0.00;0.00;0.00;0.00;0.00;0.00;0.00;0;0.00;0.00;0.00;0.00;0.00000000;0.00;0.00;0.00000000;0.00000000;0.00000000;0.00;0.00;0;0.00000000;0.00000000;0.00;0.00;0.00000000;0.00;0.00;0.00000000;0.00000000;0.00000000;0.00;0.00;0;0.00000000;0.00000000
2023-07-14;PFE;US7170811035;Pfizer Inc.;Pfizer Inc.;Акции иностранного эмитента обыкновенные;Out of list;USD;USD;0.05000000;USD;;Y;T0;Режим переговорных сделок;;;;;;;;;;;;;;;;;;;;0.00;0.00;0.00;0.00;0.00;0.00;0.00;0.00;0.00;0.00;0;0.00;0.00;0.00;0.00;0.00000000;0.00;0.00;0.00000000;0.00000000;0.00000000;0.00;0.00;0;0.00000000;0.00000000;0.00;0.00;0.00000000;0.00;0.00;0.00000000;0.00000000;0.00000000;0.00;0.00;0;0.00000000;0.00000000
2023-07-14;PFE;US7170811035;Pfizer Inc.;Pfizer Inc.;Акции иностранного эмитента обыкновенные;Out of list;USD;USD;0.05000000;USD;;Y;T1;Режим переговорных сделок;;;;;;;;;;;;;;;;;;;;0.00;0.00;0.00;0.00;0.00;0.00;0.00;0.00;0.00;0.00;0;0.00;0.00;0.00;0.00;0.00000000;0.00;0.00;0.00000000;0.00000000;0.00000000;0.00;0.00;0;0.00000000;0.00000000;0.00;0.00;0.00000000;0.00;0.00;0.00000000;0.00000000;0.00000000;0.00;0.00;0;0.00000000;0.00000000
2023-07-14;PFE;US7170811035;Pfizer Inc.;Pfizer Inc.;Акции иностранного эмитента обыкновенные;Out of list;USD;USD;0.05000000;USD;;Y;T2;Режим переговорных сделок;;;;;;;;;;;;;;;;;;;;0.00;0.00;0.00;0.00;0.00;0.00;0.00;0.00;0.00;0.00;0;0.00;0.00;0.00;0.00;0.00000000;0.00;0.00;0.00000000;0.00000000;0.00000000;0.00;0.00;0;0.00000000;0.00000000;0.00;0.00;0.00000000;0.00;0.00;0.00000000;0.00000000;0.00000000;0.00;0.00;0;0.00000000;0.00000000
2023-07-14;JNJ;US4781601046;Johnson & Johnson;Johnson & Johnson;Акции иностранного эмитента обыкновенные;Out of list;USD;USD;1.00000000;USD;;Y;T0;Режим переговорных сделок;;;;;;;;;;;;;;;;;;;;0.00;0.00;0.00;0.00;0.00;0.00;0.00;0.00;0.00;0.00;0;0.00;0.00;0.00;0.00;0.00000000;0.00;0.00;0.00000000;0.00000000;0.00000000;0.00;0.00;0;0.00000000;0.00000000;0.00;0.00;0.00000000;0.00;0.00;0.00000000;0.00000000;0.00000000;0.00;0.00;0;0.00000000;0.00000000
2023-07-14;JNJ;US4781601046;Johnson & Johnson;Johnson & Johnson;Акции иностранного эмитента обыкновенные;Out of list;USD;USD;1.00000000;USD;;Y;T1;Режим переговорных сделок;;;;;;;;;;;;;;;;;;;;0.00;0.00;0.00;0.00;0.00;0.00;0.00;0.00;0.00;0.00;0;0.00;0.00;0.00;0.00;0.00000000;0.00;0.00;0.00000000;0.00000000;0.00000000;0.00;0.00;0;0.00000000;0.00000000;0.00;0.00;0.00000000;0.00;0.00;0.00000000;0.00000000;0.00000000;0.00;0.00;0;0.00000000;0.00000000
2023-07-14;JNJ;US4781601046;Johnson & Johnson;Johnson & Johnson;Акции иностранного эмитента обыкновенные;Out of list;USD;USD;1.00000000;USD;;Y;T2;Режим переговорных сделок;;;;;;;;;;;;;;;;;;;;0.00;0.00;0.00;0.00;0.00;0.00;0.00;0.00;0.00;0.00;0;0.00;0.00;0.00;0.00;0.00000000;0.00;0.00;0.00000000;0.00000000;0.00000000;0.00;0.00;0;0.00000000;0.00000000;0.00;0.00;0.00000000;0.00;0.00;0.00000000;0.00000000;0.00000000;0.00;0.00;0;0.00000000;0.00000000
2023-07-14;AAPL;US0378331005;Apple Inc.;Apple Inc.;Акции иностранного эмитента обыкновенные;Out of list;USD;USD;0.00001000;USD;;Y;T0;Режим переговорных сделок;;;;;;;;;;;;;;;;;;;;0.00;0.00;0.00;0.00;0.00;0.00;0.00;0.00;0.00;0.00;0;0.00;0.00;0.00;0.00;0.00000000;0.00;0.00;0.00000000;0.00000000;0.00000000;0.00;0.00;0;0.00000000;0.00000000;0.00;0.00;0.00000000;0.00;0.00;0.00000000;0.00000000;0.00000000;0.00;0.00;0;0.00000000;0.00000000
2023-07-14;AAPL;US0378331005;Apple Inc.;Apple Inc.;Акции иностранного эмитента обыкновенные;Out of list;USD;USD;0.00001000;USD;;Y;T1;Режим переговорных сделок;;;;;;;;;;;;;;;;;;;;0.00;0.00;0.00;0.00;0.00;0.00;0.00;0.00;0.00;0.00;0;0.00;0.00;0.00;0.00;0.00000000;0.00;0.00;0.00000000;0.00000000;0.00000000;0.00;0.00;0;0.00000000;0.00000000;0.00;0.00;0.00000000;0.00;0.00;0.00000000;0.00000000;0.00000000;0.00;0.00;0;0.00000000;0.00000000
2023-07-14;AAPL;US0378331005;Apple Inc.;Apple Inc.;Акции иностранного эмитента обыкновенные;Out of list;USD;USD;0.00001000;USD;;Y;T2;Режим переговорных сделок;;;;;;;;;;;;;;;;;;;;0.00;0.00;0.00;0.00;0.00;0.00;0.00;0.00;0.00;0.00;0;0.00;0.00;0.00;0.00;0.00000000;0.00;0.00;0.00000000;0.00000000;0.00000000;0.00;0.00;0;0.00000000;0.00000000;0.00;0.00;0.00000000;0.00;0.00;0.00000000;0.00000000;0.00000000;0.00;0.00;0;0.00000000;0.00000000
2023-07-14;CSCO;US17275R1023;Cisco Systems, Inc.;Cisco Systems, Inc.;Акции иностранного эмитента обыкновенные;Out of list;USD;USD;0.00100000;USD;;Y;T1;Режим переговорных сделок;;;;;;;;;;;;;;;;;;;;0.00;0.00;0.00;0.00;0.00;0.00;0.00;0.00;0.00;0.00;0;0.00;0.00;0.00;0.00;0.00000000;0.00;0.00;0.00000000;0.00000000;0.00000000;0.00;0.00;0;0.00000000;0.00000000;0.00;0.00;0.00000000;0.00;0.00;0.00000000;0.00000000;0.00000000;0.00;0.00;0;0.00000000;0.00000000
2023-07-14;CSCO;US17275R1023;Cisco Systems, Inc.;Cisco Systems, Inc.;Акции иностранного эмитента обыкновенные;Out of list;USD;USD;0.00100000;USD;;Y;T2;Режим переговорных сделок;;;;;;;;;;;;;;;;;;;;0.00;0.00;0.00;0.00;0.00;0.00;0.00;0.00;0.00;0.00;0;0.00;0.00;0.00;0.00;0.00000000;0.00;0.00;0.00000000;0.00000000;0.00000000;0.00;0.00;0;0.00000000;0.00000000;0.00;0.00;0.00000000;0.00;0.00;0.00000000;0.00000000;0.00000000;0.00;0.00;0;0.00000000;0.00000000
2023-07-14;INTC;US4581401001;Intel Corporation;Intel Corporation;Акции иностранного эмитента обыкновенные;Out of list;USD;USD;0.00100000;USD;;Y;T0;Режим переговорных сделок;;;;;;;;;;;;;;;;;;;;0.00;0.00;0.00;0.00;0.00;0.00;0.00;0.00;0.00;0.00;0;0.00;0.00;0.00;0.00;0.00000000;0.00;0.00;0.00000000;0.00000000;0.00000000;0.00;0.00;0;0.00000000;0.00000000;0.00;0.00;0.00000000;0.00;0.00;0.00000000;0.00000000;0.00000000;0.00;0.00;0;0.00000000;0.00000000
2023-07-14;INTC;US4581401001;Intel Corporation;Intel Corporation;Акции иностранного эмитента обыкновенные;Out of list;USD;USD;0.00100000;USD;;Y;T1;Режим переговорных сделок;;;;;;;;;;;;;;;;;;;;0.00;0.00;0.00;0.00;0.00;0.00;0.00;0.00;0.00;0.00;0;0.00;0.00;0.00;0.00;0.00000000;0.00;0.00;0.00000000;0.00000000;0.00000000;0.00;0.00;0;0.00000000;0.00000000;0.00;0.00;0.00000000;0.00;0.00;0.00000000;0.00000000;0.00000000;0.00;0.00;0;0.00000000;0.00000000
2023-07-14;INTC;US4581401001;Intel Corporation;Intel Corporation;Акции иностранного эмитента обыкновенные;Out of list;USD;USD;0.00100000;USD;;Y;T2;Режим переговорных сделок;;;;;;;;;;;;;;;;;;;;0.00;0.00;0.00;0.00;0.00;0.00;0.00;0.00;0.00;0.00;0;0.00;0.00;0.00;0.00;0.00000000;0.00;0.00;0.00000000;0.00000000;0.00000000;0.00;0.00;0;0.00000000;0.00000000;0.00;0.00;0.00000000;0.00;0.00;0.00000000;0.00000000;0.00000000;0.00;0.00;0;0.00000000;0.00000000
2023-07-14;MSFT;US5949181045;Microsoft Corporation;Microsoft Corporation;Акции иностранного эмитента обыкновенные;Out of list;USD;USD;0.00000625;USD;;Y;T0;Режим переговорных сделок;;;;;;;;;;;;;;;;;;;;0.00;0.00;0.00;0.00;0.00;0.00;0.00;0.00;0.00;0.00;0;0.00;0.00;0.00;0.00;0.00000000;0.00;0.00;0.00000000;0.00000000;0.00000000;0.00;0.00;0;0.00000000;0.00000000;0.00;0.00;0.00000000;0.00;0.00;0.00000000;0.00000000;0.00000000;0.00;0.00;0;0.00000000;0.00000000
2023-07-14;MSFT;US5949181045;Microsoft Corporation;Microsoft Corporation;Акции иностранного эмитента обыкновенные;Out of list;USD;USD;0.00000625;USD;;Y;T1;Режим переговорных сделок;;;;;;;;;;;;;;;;;;;;0.00;0.00;0.00;0.00;0.00;0.00;0.00;0.00;0.00;0.00;0;0.00;0.00;0.00;0.00;0.00000000;0.00;0.00;0.00000000;0.00000000;0.00000000;0.00;0.00;0;0.00000000;0.00000000;0.00;0.00;0.00000000;0.00;0.00;0.00000000;0.00000000;0.00000000;0.00;0.00;0;0.00000000;0.00000000
2023-07-14;MSFT;US5949181045;Microsoft Corporation;Microsoft Corporation;Акции иностранного эмитента обыкновенные;Out of list;USD;USD;0.00000625;USD;;Y;T2;Режим переговорных сделок;;;;;;;;;;;;;;;;;;;;0.00;0.00;0.00;0.00;0.00;0.00;0.00;0.00;0.00;0.00;0;0.00;0.00;0.00;0.00;0.00000000;0.00;0.00;0.00000000;0.00000000;0.00000000;0.00;0.00;0;0.00000000;0.00000000;0.00;0.00;0.00000000;0.00;0.00;0.00000000;0.00000000;0.00000000;0.00;0.00;0;0.00000000;0.00000000
2023-07-14;MU;US5951121038;Micron Technology, Inc.;Micron Technology, Inc.;Акции иностранного эмитента обыкновенные;Out of list;USD;USD;0.10000000;USD;;Y;T0;Режим переговорных сделок;;;;;;;;;;;;;;;;;;;;0.00;0.00;0.00;0.00;0.00;0.00;0.00;0.00;0.00;0.00;0;0.00;0.00;0.00;0.00;0.00000000;0.00;0.00;0.00000000;0.00000000;0.00000000;0.00;0.00;0;0.00000000;0.00000000;0.00;0.00;0.00000000;0.00;0.00;0.00000000;0.00000000;0.00000000;0.00;0.00;0;0.00000000;0.00000000
2023-07-14;MU;US5951121038;Micron Technology, Inc.;Micron Technology, Inc.;Акции иностранного эмитента обыкновенные;Out of list;USD;USD;0.10000000;USD;;Y;T1;Режим переговорных сделок;;;;;;;;;;;;;;;;;;;;0.00;0.00;0.00;0.00;0.00;0.00;0.00;0.00;0.00;0.00;0;0.00;0.00;0.00;0.00;0.00000000;0.00;0.00;0.00000000;0.00000000;0.00000000;0.00;0.00;0;0.00000000;0.00000000;0.00;0.00;0.00000000;0.00;0.00;0.00000000;0.00000000;0.00000000;0.00;0.00;0;0.00000000;0.00000000
2023-07-14;MU;US5951121038;Micron Technology, Inc.;Micron Technology, Inc.;Акции иностранного эмитента обыкновенные;Out of list;USD;USD;0.10000000;USD;;Y;T2;Режим переговорных сделок;;;;;;;;;;;;;;;;;;;;0.00;0.00;0.00;0.00;0.00;0.00;0.00;0.00;0.00;0.00;0;0.00;0.00;0.00;0.00;0.00000000;0.00;0.00;0.00000000;0.00000000;0.00000000;0.00;0.00;0;0.00000000;0.00000000;0.00;0.00;0.00000000;0.00;0.00;0.00000000;0.00000000;0.00000000;0.00;0.00;0;0.00000000;0.00000000
2023-07-14;QCOM;US7475251036;QUALCOMM Incorporated;QUALCOMM Incorporated;Акции иностранного эмитента обыкновенные;Out of list;USD;USD;0.00010000;USD;;Y;T0;Режим переговорных сделок;;;;;;;;;;;;;;;;;;;;0.00;0.00;0.00;0.00;0.00;0.00;0.00;0.00;0.00;0.00;0;0.00;0.00;0.00;0.00;0.00000000;0.00;0.00;0.00000000;0.00000000;0.00000000;0.00;0.00;0;0.00000000;0.00000000;0.00;0.00;0.00000000;0.00;0.00;0.00000000;0.00000000;0.00000000;0.00;0.00;0;0.00000000;0.00000000
2023-07-14;QCOM;US7475251036;QUALCOMM Incorporated;QUALCOMM Incorporated;Акции иностранного эмитента обыкновенные;Out of list;USD;USD;0.00010000;USD;;Y;T1;Режим переговорных сделок;;;;;;;;;;;;;;;;;;;;0.00;0.00;0.00;0.00;0.00;0.00;0.00;0.00;0.00;0.00;0;0.00;0.00;0.00;0.00;0.00000000;0.00;0.00;0.00000000;0.00000000;0.00000000;0.00;0.00;0;0.00000000;0.00000000;0.00;0.00;0.00000000;0.00;0.00;0.00000000;0.00000000;0.00000000;0.00;0.00;0;0.00000000;0.00000000
2023-07-14;QCOM;US7475251036;QUALCOMM Incorporated;QUALCOMM Incorporated;Акции иностранного эмитента обыкновенные;Out of list;USD;USD;0.00010000;USD;;Y;T2;Режим переговорных сделок;;;;;;;;;;;;;;;;;;;;0.00;0.00;0.00;0.00;0.00;0.00;0.00;0.00;0.00;0.00;0;0.00;0.00;0.00;0.00;0.00000000;0.00;0.00;0.00000000;0.00000000;0.00000000;0.00;0.00;0;0.00000000;0.00000000;0.00;0.00;0.00000000;0.00;0.00;0.00000000;0.00000000;0.00000000;0.00;0.00;0;0.00000000;0.00000000
2023-07-14;IBM;US4592001014;INTERNATIONAL BUSINESS MACHINES CORPORATION;INTERNATIONAL BUSINESS MACHINES CORPORATION;Акции иностранного эмитента обыкновенные;Out of list;USD;USD;0.20000000;USD;;Y;T0;Режим переговорных сделок;;;;;;;;;;;;;;;;;;;;0.00;0.00;0.00;0.00;0.00;0.00;0.00;0.00;0.00;0.00;0;0.00;0.00;0.00;0.00;0.00000000;0.00;0.00;0.00000000;0.00000000;0.00000000;0.00;0.00;0;0.00000000;0.00000000;0.00;0.00;0.00000000;0.00;0.00;0.00000000;0.00000000;0.00000000;0.00;0.00;0;0.00000000;0.00000000
2023-07-14;IBM;US4592001014;INTERNATIONAL BUSINESS MACHINES CORPORATION;INTERNATIONAL BUSINESS MACHINES CORPORATION;Акции иностранного эмитента обыкновенные;Out of list;USD;USD;0.20000000;USD;;Y;T1;Режим переговорных сделок;;;;;;;;;;;;;;;;;;;;0.00;0.00;0.00;0.00;0.00;0.00;0.00;0.00;0.00;0.00;0;0.00;0.00;0.00;0.00;0.00000000;0.00;0.00;0.00000000;0.00000000;0.00000000;0.00;0.00;0;0.00000000;0.00000000;0.00;0.00;0.00000000;0.00;0.00;0.00000000;0.00000000;0.00000000;0.00;0.00;0;0.00000000;0.00000000
2023-07-14;IBM;US4592001014;INTERNATIONAL BUSINESS MACHINES CORPORATION;INTERNATIONAL BUSINESS MACHINES CORPORATION;Акции иностранного эмитента обыкновенные;Out of list;USD;USD;0.20000000;USD;;Y;T2;Режим переговорных сделок;;;;;;;;;;;;;;;;;;;;0.00;0.00;0.00;0.00;0.00;0.00;0.00;0.00;0.00;0.00;0;0.00;0.00;0.00;0.00;0.00000000;0.00;0.00;0.00000000;0.00000000;0.00000000;0.00;0.00;0;0.00000000;0.00000000;0.00;0.00;0.00000000;0.00;0.00;0.00000000;0.00000000;0.00000000;0.00;0.00;0;0.00000000;0.00000000
2023-07-14;NFLX;US64110L1061;Netflix, Inc.;Netflix, Inc.;Акции иностранного эмитента обыкновенные;Out of list;USD;USD;0.00100000;USD;;Y;T0;Режим переговорных сделок;;;;;;;;;;;;;;;;;;;;0.00;0.00;0.00;0.00;0.00;0.00;0.00;0.00;0.00;0.00;0;0.00;0.00;0.00;0.00;0.00000000;0.00;0.00;0.00000000;0.00000000;0.00000000;0.00;0.00;0;0.00000000;0.00000000;0.00;0.00;0.00000000;0.00;0.00;0.00000000;0.00000000;0.00000000;0.00;0.00;0;0.00000000;0.00000000
2023-07-14;NFLX;US64110L1061;Netflix, Inc.;Netflix, Inc.;Акции иностранного эмитента обыкновенные;Out of list;USD;USD;0.00100000;USD;;Y;T1;Режим переговорных сделок;;;;;;;;;;;;;;;;;;;;0.00;0.00;0.00;0.00;0.00;0.00;0.00;0.00;0.00;0.00;0;0.00;0.00;0.00;0.00;0.00000000;0.00;0.00;0.00000000;0.00000000;0.00000000;0.00;0.00;0;0.00000000;0.00000000;0.00;0.00;0.00000000;0.00;0.00;0.00000000;0.00000000;0.00000000;0.00;0.00;0;0.00000000;0.00000000
2023-07-14;NFLX;US64110L1061;Netflix, Inc.;Netflix, Inc.;Акции иностранного эмитента обыкновенные;Out of list;USD;USD;0.00100000;USD;;Y;T2;Режим переговорных сделок;;;;;;;;;;;;;;;;;;;;0.00;0.00;0.00;0.00;0.00;0.00;0.00;0.00;0.00;0.00;0;0.00;0.00;0.00;0.00;0.00000000;0.00;0.00;0.00000000;0.00000000;0.00000000;0.00;0.00;0;0.00000000;0.00000000;0.00;0.00;0.00000000;0.00;0.00;0.00000000;0.00000000;0.00000000;0.00;0.00;0;0.00000000;0.00000000
2023-07-14;V;US92826C8394;Visa Inc.;Visa Inc.;Акции иностранного эмитента обыкновенные класса A;Out of list;USD;USD;0.00010000;USD;;Y;T0;Режим переговорных сделок;;;;;;;;;;;;;;;;;;;;0.00;0.00;0.00;0.00;0.00;0.00;0.00;0.00;0.00;0.00;0;0.00;0.00;0.00;0.00;0.00000000;0.00;0.00;0.00000000;0.00000000;0.00000000;0.00;0.00;0;0.00000000;0.00000000;0.00;0.00;0.00000000;0.00;0.00;0.00000000;0.00000000;0.00000000;0.00;0.00;0;0.00000000;0.00000000
2023-07-14;V;US92826C8394;Visa Inc.;Visa Inc.;Акции иностранного эмитента обыкновенные класса A;Out of list;USD;USD;0.00010000;USD;;Y;T1;Режим переговорных сделок;;;;;;;;;;;;;;;;;;;;0.00;0.00;0.00;0.00;0.00;0.00;0.00;0.00;0.00;0.00;0;0.00;0.00;0.00;0.00;0.00000000;0.00;0.00;0.00000000;0.00000000;0.00000000;0.00;0.00;0;0.00000000;0.00000000;0.00;0.00;0.00000000;0.00;0.00;0.00000000;0.00000000;0.00000000;0.00;0.00;0;0.00000000;0.00000000
2023-07-14;V;US92826C8394;Visa Inc.;Visa Inc.;Акции иностранного эмитента обыкновенные класса A;Out of list;USD;USD;0.00010000;USD;;Y;T2;Режим переговорных сделок;;;;;;;;;;;;;;;;;;;;0.00;0.00;0.00;0.00;0.00;0.00;0.00;0.00;0.00;0.00;0;0.00;0.00;0.00;0.00;0.00000000;0.00;0.00;0.00000000;0.00000000;0.00000000;0.00;0.00;0;0.00000000;0.00000000;0.00;0.00;0.00000000;0.00;0.00;0.00000000;0.00000000;0.00000000;0.00;0.00;0;0.00000000;0.00000000
2023-07-14;CME;US12572Q1058;CME GROUP INC.;CME GROUP INC.;Акции иностранного эмитента обыкновенные класса A;Out of list;USD;USD;0.01000000;USD;;Y;T0;Режим переговорных сделок;;;;;;;;;;;;;;;;;;;;0.00;0.00;0.00;0.00;0.00;0.00;0.00;0.00;0.00;0.00;0;0.00;0.00;0.00;0.00;0.00000000;0.00;0.00;0.00000000;0.00000000;0.00000000;0.00;0.00;0;0.00000000;0.00000000;0.00;0.00;0.00000000;0.00;0.00;0.00000000;0.00000000;0.00000000;0.00;0.00;0;0.00000000;0.00000000
2023-07-14;CME;US12572Q1058;CME GROUP INC.;CME GROUP INC.;Акции иностранного эмитента обыкновенные класса A;Out of list;USD;USD;0.01000000;USD;;Y;T1;Режим переговорных сделок;;;;;;;;;;;;;;;;;;;;0.00;0.00;0.00;0.00;0.00;0.00;0.00;0.00;0.00;0.00;0;0.00;0.00;0.00;0.00;0.00000000;0.00;0.00;0.00000000;0.00000000;0.00000000;0.00;0.00;0;0.00000000;0.00000000;0.00;0.00;0.00000000;0.00;0.00;0.00000000;0.00000000;0.00000000;0.00;0.00;0;0.00000000;0.00000000
2023-07-14;CME;US12572Q1058;CME GROUP INC.;CME GROUP INC.;Акции иностранного эмитента обыкновенные класса A;Out of list;USD;USD;0.01000000;USD;;Y;T2;Режим переговорных сделок;;;;;;;;;;;;;;;;;;;;0.00;0.00;0.00;0.00;0.00;0.00;0.00;0.00;0.00;0.00;0;0.00;0.00;0.00;0.00;0.00000000;0.00;0.00;0.00000000;0.00000000;0.00000000;0.00;0.00;0;0.00000000;0.00000000;0.00;0.00;0.00000000;0.00;0.00;0.00000000;0.00000000;0.00000000;0.00;0.00;0;0.00000000;0.00000000
2023-07-14;MS;US6174464486;Morgan Stanley;Morgan Stanley;Акции иностранного эмитента обыкновенные;Out of list;USD;USD;0.01000000;USD;;Y;T0;Режим переговорных сделок;;;;;;;;;;;;;;;;;;;;0.00;0.00;0.00;0.00;0.00;0.00;0.00;0.00;0.00;0.00;0;0.00;0.00;0.00;0.00;0.00000000;0.00;0.00;0.00000000;0.00000000;0.00000000;0.00;0.00;0;0.00000000;0.00000000;0.00;0.00;0.00000000;0.00;0.00;0.00000000;0.00000000;0.00000000;0.00;0.00;0;0.00000000;0.00000000
2023-07-14;MS;US6174464486;Morgan Stanley;Morgan Stanley;Акции иностранного эмитента обыкновенные;Out of list;USD;USD;0.01000000;USD;;Y;T1;Режим переговорных сделок;;;;;;;;;;;;;;;;;;;;0.00;0.00;0.00;0.00;0.00;0.00;0.00;0.00;0.00;0.00;0;0.00;0.00;0.00;0.00;0.00000000;0.00;0.00;0.00000000;0.00000000;0.00000000;0.00;0.00;0;0.00000000;0.00000000;0.00;0.00;0.00000000;0.00;0.00;0.00000000;0.00000000;0.00000000;0.00;0.00;0;0.00000000;0.00000000
2023-07-14;MS;US6174464486;Morgan Stanley;Morgan Stanley;Акции иностранного эмитента обыкновенные;Out of list;USD;USD;0.01000000;USD;;Y;T2;Режим переговорных сделок;;;;;;;;;;;;;;;;;;;;0.00;0.00;0.00;0.00;0.00;0.00;0.00;0.00;0.00;0.00;0;0.00;0.00;0.00;0.00;0.00000000;0.00;0.00;0.00000000;0.00000000;0.00000000;0.00;0.00;0;0.00000000;0.00000000;0.00;0.00;0.00000000;0.00;0.00;0.00000000;0.00000000;0.00000000;0.00;0.00;0;0.00000000;0.00000000
2023-07-14;MET;US59156R1086;MetLife, Inc.;MetLife, Inc.;Акции иностранного эмитента обыкновенные;Out of list;USD;USD;0.01000000;USD;;Y;T0;Режим переговорных сделок;;;;;;;;;;;;;;;;;;;;0.00;0.00;0.00;0.00;0.00;0.00;0.00;0.00;0.00;0.00;0;0.00;0.00;0.00;0.00;0.00000000;0.00;0.00;0.00000000;0.00000000;0.00000000;0.00;0.00;0;0.00000000;0.00000000;0.00;0.00;0.00000000;0.00;0.00;0.00000000;0.00000000;0.00000000;0.00;0.00;0;0.00000000;0.00000000
2023-07-14;MET;US59156R1086;MetLife, Inc.;MetLife, Inc.;Акции иностранного эмитента обыкновенные;Out of list;USD;USD;0.01000000;USD;;Y;T1;Режим переговорных сделок;;;;;;;;;;;;;;;;;;;;0.00;0.00;0.00;0.00;0.00;0.00;0.00;0.00;0.00;0.00;0;0.00;0.00;0.00;0.00;0.00000000;0.00;0.00;0.00000000;0.00000000;0.00000000;0.00;0.00;0;0.00000000;0.00000000;0.00;0.00;0.00000000;0.00;0.00;0.00000000;0.00000000;0.00000000;0.00;0.00;0;0.00000000;0.00000000
2023-07-14;MET;US59156R1086;MetLife, Inc.;MetLife, Inc.;Акции иностранного эмитента обыкновенные;Out of list;USD;USD;0.01000000;USD;;Y;T2;Режим переговорных сделок;;;;;;;;;;;;;;;;;;;;0.00;0.00;0.00;0.00;0.00;0.00;0.00;0.00;0.00;0.00;0;0.00;0.00;0.00;0.00;0.00000000;0.00;0.00;0.00000000;0.00000000;0.00000000;0.00;0.00;0;0.00000000;0.00000000;0.00;0.00;0.00000000;0.00;0.00;0.00000000;0.00000000;0.00000000;0.00;0.00;0;0.00000000;0.00000000
2023-07-14;BAC;US0605051046;Bank of America Corporation;Bank of America Corporation;Акции иностранного эмитента обыкновенные;Out of list;USD;USD;0.01000000;USD;;Y;T0;Режим переговорных сделок;;;;;;;;;;;;;;;;;;;;0.00;0.00;0.00;0.00;0.00;0.00;0.00;0.00;0.00;0.00;0;0.00;0.00;0.00;0.00;0.00000000;0.00;0.00;0.00000000;0.00000000;0.00000000;0.00;0.00;0;0.00000000;0.00000000;0.00;0.00;0.00000000;0.00;0.00;0.00000000;0.00000000;0.00000000;0.00;0.00;0;0.00000000;0.00000000
2023-07-14;BAC;US0605051046;Bank of America Corporation;Bank of America Corporation;Акции иностранного эмитента обыкновенные;Out of list;USD;USD;0.01000000;USD;;Y;T1;Режим переговорных сделок;;;;;;;;;;;;;;;;;;;;0.00;0.00;0.00;0.00;0.00;0.00;0.00;0.00;0.00;0.00;0;0.00;0.00;0.00;0.00;0.00000000;0.00;0.00;0.00000000;0.00000000;0.00000000;0.00;0.00;0;0.00000000;0.00000000;0.00;0.00;0.00000000;0.00;0.00;0.00000000;0.00000000;0.00000000;0.00;0.00;0;0.00000000;0.00000000
2023-07-14;BAC;US0605051046;Bank of America Corporation;Bank of America Corporation;Акции иностранного эмитента обыкновенные;Out of list;USD;USD;0.01000000;USD;;Y;T2;Режим переговорных сделок;;;;;;;;;;;;;;;;;;;;0.00;0.00;0.00;0.00;0.00;0.00;0.00;0.00;0.00;0.00;0;0.00;0.00;0.00;0.00;0.00000000;0.00;0.00;0.00000000;0.00000000;0.00000000;0.00;0.00;0;0.00000000;0.00000000;0.00;0.00;0.00000000;0.00;0.00;0.00000000;0.00000000;0.00000000;0.00;0.00;0;0.00000000;0.00000000
2023-07-14;NEM;US6516391066;Newmont Corporation;Newmont Corporation;Акции иностранного эмитента обыкновенные;Out of list;USD;USD;1.60000000;USD;;Y;T0;Режим переговорных сделок;;;;;;;;;;;;;;;;;;;;0.00;0.00;0.00;0.00;0.00;0.00;0.00;0.00;0.00;0.00;0;0.00;0.00;0.00;0.00;0.00000000;0.00;0.00;0.00000000;0.00000000;0.00000000;0.00;0.00;0;0.00000000;0.00000000;0.00;0.00;0.00000000;0.00;0.00;0.00000000;0.00000000;0.00000000;0.00;0.00;0;0.00000000;0.00000000
2023-07-14;NEM;US6516391066;Newmont Corporation;Newmont Corporation;Акции иностранного эмитента обыкновенные;Out of list;USD;USD;1.60000000;USD;;Y;T1;Режим переговорных сделок;;;;;;;;;;;;;;;;;;;;0.00;0.00;0.00;0.00;0.00;0.00;0.00;0.00;0.00;0.00;0;0.00;0.00;0.00;0.00;0.00000000;0.00;0.00;0.00000000;0.00000000;0.00000000;0.00;0.00;0;0.00000000;0.00000000;0.00;0.00;0.00000000;0.00;0.00;0.00000000;0.00000000;0.00000000;0.00;0.00;0;0.00000000;0.00000000
2023-07-14;NEM;US6516391066;Newmont Corporation;Newmont Corporation;Акции иностранного эмитента обыкновенные;Out of list;USD;USD;1.60000000;USD;;Y;T2;Режим переговорных сделок;;;;;;;;;;;;;;;;;;;;0.00;0.00;0.00;0.00;0.00;0.00;0.00;0.00;0.00;0.00;0;0.00;0.00;0.00;0.00;0.00000000;0.00;0.00;0.00000000;0.00000000;0.00000000;0.00;0.00;0;0.00000000;0.00000000;0.00;0.00;0.00000000;0.00;0.00;0.00000000;0.00000000;0.00000000;0.00;0.00;0;0.00000000;0.00000000
2023-07-14;DAL;US2473617023;Delta Air Lines, Inc.;Delta Air Lines, Inc.;Акции иностранного эмитента обыкновенные;Out of list;USD;USD;0.00010000;USD;;Y;T0;Режим переговорных сделок;;;;;;;;;;;;;;;;;;;;0.00;0.00;0.00;0.00;0.00;0.00;0.00;0.00;0.00;0.00;0;0.00;0.00;0.00;0.00;0.00000000;0.00;0.00;0.00000000;0.00000000;0.00000000;0.00;0.00;0;0.00000000;0.00000000;0.00;0.00;0.00000000;0.00;0.00;0.00000000;0.00000000;0.00000000;0.00;0.00;0;0.00000000;0.00000000
2023-07-14;DAL;US2473617023;Delta Air Lines, Inc.;Delta Air Lines, Inc.;Акции иностранного эмитента обыкновенные;Out of list;USD;USD;0.00010000;USD;;Y;T1;Режим переговорных сделок;;;;;;;;;;;;;;;;;;;;0.00;0.00;0.00;0.00;0.00;0.00;0.00;0.00;0.00;0.00;0;0.00;0.00;0.00;0.00;0.00000000;0.00;0.00;0.00000000;0.00000000;0.00000000;0.00;0.00;0;0.00000000;0.00000000;0.00;0.00;0.00000000;0.00;0.00;0.00000000;0.00000000;0.00000000;0.00;0.00;0;0.00000000;0.00000000
2023-07-14;DAL;US2473617023;Delta Air Lines, Inc.;Delta Air Lines, Inc.;Акции иностранного эмитента обыкновенные;Out of list;USD;USD;0.00010000;USD;;Y;T2;Режим переговорных сделок;;;;;;;;;;;;;;;;;;;;0.00;0.00;0.00;0.00;0.00;0.00;0.00;0.00;0.00;0.00;0;0.00;0.00;0.00;0.00;0.00000000;0.00;0.00;0.00000000;0.00000000;0.00000000;0.00;0.00;0;0.00000000;0.00000000;0.00;0.00;0.00000000;0.00;0.00;0.00000000;0.00000000;0.00000000;0.00;0.00;0;0.00000000;0.00000000
2023-07-14;BA;US0970231058;THE BOEING COMPANY;THE BOEING COMPANY;Акции иностранного эмитента обыкновенные;Out of list;USD;USD;5.00000000;USD;;Y;T0;Режим переговорных сделок;;;;;;;;;;;;;;;;;;;;0.00;0.00;0.00;0.00;0.00;0.00;0.00;0.00;0.00;0.00;0;0.00;0.00;0.00;0.00;0.00000000;0.00;0.00;0.00000000;0.00000000;0.00000000;0.00;0.00;0;0.00000000;0.00000000;0.00;0.00;0.00000000;0.00;0.00;0.00000000;0.00000000;0.00000000;0.00;0.00;0;0.00000000;0.00000000
2023-07-14;BA;US0970231058;THE BOEING COMPANY;THE BOEING COMPANY;Акции иностранного эмитента обыкновенные;Out of list;USD;USD;5.00000000;USD;;Y;T1;Режим переговорных сделок;;;;;;;;;;;;;;;;;;;;0.00;0.00;0.00;0.00;0.00;0.00;0.00;0.00;0.00;0.00;0;0.00;0.00;0.00;0.00;0.00000000;0.00;0.00;0.00000000;0.00000000;0.00000000;0.00;0.00;0;0.00000000;0.00000000;0.00;0.00;0.00000000;0.00;0.00;0.00000000;0.00000000;0.00000000;0.00;0.00;0;0.00000000;0.00000000
2023-07-14;BA;US0970231058;THE BOEING COMPANY;THE BOEING COMPANY;Акции иностранного эмитента обыкновенные;Out of list;USD;USD;5.00000000;USD;;Y;T2;Режим переговорных сделок;;;;;;;;;;;;;;;;;;;;0.00;0.00;0.00;0.00;0.00;0.00;0.00;0.00;0.00;0.00;0;0.00;0.00;0.00;0.00;0.00000000;0.00;0.00;0.00000000;0.00000000;0.00000000;0.00;0.00;0;0.00000000;0.00000000;0.00;0.00;0.00000000;0.00;0.00;0.00000000;0.00000000;0.00000000;0.00;0.00;0;0.00000000;0.00000000
2023-07-14;ABBV;US00287Y1091;AbbVie Inc.;AbbVie Inc.;Акции иностранного эмитента обыкновенные;Out of list;USD;USD;0.01000000;USD;;Y;T0T1;Режим торгов адресное репо;;;;;;;;;;;;;;;;;;;;0.00;0.00;0.00;0.00;0.00;0.00;0.00;0.00;0.00;0.00;0;0.00;0.00;133.59;1.00;133.59000000;133.59;1.00;133.59000000;9.00000000;-10.00000000;267.18;2.00;2;-0.50000000;0.00000000;3339.75;25.00;-8.00000000;11755.92;88.00;7.00000000;9.99000000;-10.00000000;44485.47;333.00;14;-3.11000000;0.00000000
2023-07-14;PFE;US7170811035;Pfizer Inc.;Pfizer Inc.;Акции иностранного эмитента обыкновенные;Out of list;USD;USD;0.05000000;USD;;Y;T0T1;Режим торгов адресное репо;;;;;;;;;;;;;;;;;;;;0.00;0.00;0.00;0.00;0.00;0.00;0.00;0.00;0.00;0.00;0;0.00;0.00;251.93;7.00;35.99000000;8927.34;246.00;36.29000000;15.50000000;-10.00000000;12970.82;358.00;18;13.10000000;0.00000000;902.75;25.00;-10.00000000;3430.45;95.00;7.00000000;10.00000000;-10.00000000;1720063.74;47634.00;69;6.11000000;0.00000000
2023-07-14;JNJ;US4781601046;Johnson & Johnson;Johnson & Johnson;Акции иностранного эмитента обыкновенные;Out of list;USD;USD;1.00000000;USD;;Y;T0T1;Режим торгов адресное репо;;;;;;;;;;;;;;;;;;;;0.00;0.00;0.00;0.00;0.00;0.00;0.00;0.00;0.00;0.00;0;0.00;0.00;2540.96;16.00;158.81000000;158.81;1.00;158.81000000;9.00000000;-8.00000000;3176.20;20.00;5;-5.24000000;0.00000000;158.81;1.00;-10.00000000;1270.48;8.00;7.00000000;10.00000000;-10.00000000;3811.44;24.00;7;7.24000000;0.00000000
2023-07-14;CSCO;US17275R1023;Cisco Systems, Inc.;Cisco Systems, Inc.;Акции иностранного эмитента обыкновенные;Out of list;USD;USD;0.00100000;USD;;Y;T0T1;Режим торгов адресное репо;;;;;;;;;;;;;;;;;;;;0.00;0.00;0.00;0.00;0.00;0.00;0.00;0.00;0.00;0.00;0;0.00;0.00;3044.40;60.00;50.74000000;154.59;3.00;51.53000000;10.00000000;-16.00000000;7892.35;155.00;9;-5.18000000;0.00000000;360.71;7.00;8.00000000;103.06;2.00;10.00000000;10.00000000;1.76000000;90950.45;1765.00;40;8.05000000;0.00000000
2023-07-14;INTC;US4581401001;Intel Corporation;Intel Corporation;Акции иностранного эмитента обыкновенные;Out of list;USD;USD;0.00100000;USD;;Y;T0T1;Режим торгов адресное репо;;;;;;;;;;;;;;;;;;;;0.00;0.00;0.00;0.00;0.00;0.00;0.00;0.00;0.00;0.00;0;0.00;0.00;33.79;1.00;33.79000000;335.30;10.00;33.53000000;15.50000000;-15.50000000;55833.44;1653.00;39;7.26000000;0.00000000;15809.04;468.00;-7.00000000;135.12;4.00;10.00000000;10.00000000;-10.00000000;489569.41;14490.00;138;4.60000000;0.00000000
2023-07-14;MSFT;US5949181045;Microsoft Corporation;Microsoft Corporation;Акции иностранного эмитента обыкновенные;Out of list;USD;USD;0.00000625;USD;;Y;T0T1;Режим торгов адресное репо;;;;;;;;;;;;;;;;;;;;0.00;0.00;0.00;0.00;0.00;0.00;0.00;0.00;0.00;0.00;0;0.00;0.00;1383.76;4.00;345.94000000;3497.00;10.00;349.70000000;10.00000000;-16.00000000;102557.80;299.00;20;-7.43000000;0.00000000;342.80;1.00;-10.00000000;342.80;1.00;3.38000000;10.00000000;-10.00000000;471714.20;1376.00;109;1.66000000;0.00000000
2023-07-14;MU;US5951121038;Micron Technology, Inc.;Micron Technology, Inc.;Акции иностранного эмитента обыкновенные;Out of list;USD;USD;0.10000000;USD;;Y;T0T1;Режим торгов адресное репо;;;;;;;;;;;;;;;;;;;;0.00;0.00;0.00;0.00;0.00;0.00;0.00;0.00;0.00;0.00;0;0.00;0.00;30101.76;468.00;64.32000000;192.96;3.00;64.32000000;10.00000000;7.99000000;35890.56;558.00;10;8.15000000;0.00000000;2701.44;42.00;-9.00000000;707.52;11.00;9.00000000;10.00000000;-10.00000000;108637.33;1689.00;35;7.46000000;0.00000000
2023-07-14;QCOM;US7475251036;QUALCOMM Incorporated;QUALCOMM Incorporated;Акции иностранного эмитента обыкновенные;Out of list;USD;USD;0.00010000;USD;;Y;T0T1;Режим торгов адресное репо;;;;;;;;;;;;;;;;;;;;0.00;0.00;0.00;0.00;0.00;0.00;0.00;0.00;0.00;0.00;0;0.00;0.00;4797.00;39.00;123.00000000;6648.48;54.00;123.12000000;8.00000000;0.00000000;11445.48;93.00;2;3.35000000;0.00000000;1230.00;10.00;-9.00000000;123.00;1.00;2.20000000;10.00000000;-10.00000000;6765.00;55.00;11;5.23000000;0.00000000
2023-07-14;IBM;US4592001014;INTERNATIONAL BUSINESS MACHINES CORPORATION;INTERNATIONAL BUSINESS MACHINES CORPORATION;Акции иностранного эмитента обыкновенные;Out of list;USD;USD;0.20000000;USD;;Y;T0T1;Режим торгов адресное репо;;;;;;;;;;;;;;;;;;;;0.00;0.00;0.00;0.00;0.00;0.00;0.00;0.00;0.00;0.00;0;0.00;0.00;1079.28;8.00;134.91000000;134.91;1.00;134.91000000;9.00000000;6.58000000;1349.10;10.00;3;8.66000000;0.00000000;134.91;1.00;-10.00000000;4047.30;30.00;8.00000000;10.00000000;-10.00000000;34402.05;255.00;15;7.76000000;0.00000000
2023-07-14;NFLX;US64110L1061;Netflix, Inc.;Netflix, Inc.;Акции иностранного эмитента обыкновенные;Out of list;USD;USD;0.00100000;USD;;Y;T0T1;Режим торгов адресное репо;;;;;;;;;;;;;;;;;;;;0.00;0.00;0.00;0.00;0.00;0.00;0.00;0.00;0.00;0.00;0;0.00;0.00;900.28;2.00;450.14000000;1801.52;4.00;450.38000000;10.00000000;-16.00000000;48884.48;109.00;31;-7.51000000;0.00000000;450.00;1.00;-10.00000000;6300.00;14.00;6.91000000;10.00000000;-10.00000000;1588613.03;3532.00;128;-6.20000000;0.00000000
2023-07-14;V;US92826C8394;Visa Inc.;Visa Inc.;Акции иностранного эмитента обыкновенные класса A;Out of list;USD;USD;0.00010000;USD;;Y;T0T1;Режим торгов адресное репо;;;;;;;;;;;;;;;;;;;;0.00;0.00;0.00;0.00;0.00;0.00;0.00;0.00;0.00;0.00;0;0.00;0.00;243.32;1.00;243.32000000;243.31;1.00;243.31000000;8.00000000;-13.50000000;729.94;3.00;3;-1.83000000;0.00000000;94890.90;390.00;-8.00000000;973.24;4.00;6.21000000;9.82000000;-10.00000000;142093.13;584.00;25;-2.94000000;0.00000000
2023-07-14;CME;US12572Q1058;CME GROUP INC.;CME GROUP INC.;Акции иностранного эмитента обыкновенные класса A;Out of list;USD;USD;0.01000000;USD;;Y;T0T1;Режим торгов адресное репо;;;;;;;;;;;;;;;;;;;;0.00;0.00;0.00;0.00;0.00;0.00;0.00;0.00;0.00;0.00;0;0.00;0.00;0.00;0.00;0.00000000;0.00;0.00;0.00000000;0.00000000;0.00000000;0.00;0.00;0;0.00000000;0.00000000;0.00;0.00;0.00000000;0.00;0.00;0.00000000;0.00000000;0.00000000;0.00;0.00;0;0.00000000;0.00000000
2023-07-14;MS;US6174464486;Morgan Stanley;Morgan Stanley;Акции иностранного эмитента обыкновенные;Out of list;USD;USD;0.01000000;USD;;Y;T0T1;Режим торгов адресное репо;;;;;;;;;;;;;;;;;;;;0.00;0.00;0.00;0.00;0.00;0.00;0.00;0.00;0.00;0.00;0;0.00;0.00;1982.83;23.00;86.21000000;1982.83;23.00;86.21000000;0.00000000;0.00000000;1982.83;23.00;1;0.00000000;0.00000000;172.42;2.00;9.00000000;172.42;2.00;9.00000000;9.00000000;9.00000000;172.42;2.00;1;9.00000000;0.00000000
2023-07-14;MET;US59156R1086;MetLife, Inc.;MetLife, Inc.;Акции иностранного эмитента обыкновенные;Out of list;USD;USD;0.01000000;USD;;Y;T0T1;Режим торгов адресное репо;;;;;;;;;;;;;;;;;;;;0.00;0.00;0.00;0.00;0.00;0.00;0.00;0.00;0.00;0.00;0;0.00;0.00;0.00;0.00;0.00000000;0.00;0.00;0.00000000;0.00000000;0.00000000;0.00;0.00;0;0.00000000;0.00000000;0.00;0.00;0.00000000;0.00;0.00;0.00000000;0.00000000;0.00000000;0.00;0.00;0;0.00000000;0.00000000
2023-07-14;BAC;US0605051046;Bank of America Corporation;Bank of America Corporation;Акции иностранного эмитента обыкновенные;Out of list;USD;USD;0.01000000;USD;;Y;T0T1;Режим торгов адресное репо;;;;;;;;;;;;;;;;;;;;0.00;0.00;0.00;0.00;0.00;0.00;0.00;0.00;0.00;0.00;0;0.00;0.00;1438.64;49.00;29.36000000;504.39;17.00;29.67000000;10.00000000;-10.00000000;3977.86;134.00;16;5.96000000;0.00000000;13648.20;460.00;-8.00000000;5934.00;200.00;7.00000000;10.00000000;-10.00000000;323517.33;10904.00;115;6.43000000;0.00000000
2023-07-14;NEM;US6516391066;Newmont Corporation;Newmont Corporation;Акции иностранного эмитента обыкновенные;Out of list;USD;USD;1.60000000;USD;;Y;T0T1;Режим торгов адресное репо;;;;;;;;;;;;;;;;;;;;0.00;0.00;0.00;0.00;0.00;0.00;0.00;0.00;0.00;0.00;0;0.00;0.00;2271.50;50.00;45.43000000;908.60;20.00;45.43000000;10.00000000;-8.00000000;4315.85;95.00;8;0.43000000;0.00000000;136.29;3.00;-10.00000000;2271.50;50.00;7.00000000;10.00000000;-10.00000000;34708.52;764.00;26;7.65000000;0.00000000
2023-07-14;DAL;US2473617023;Delta Air Lines, Inc.;Delta Air Lines, Inc.;Акции иностранного эмитента обыкновенные;Out of list;USD;USD;0.00010000;USD;;Y;T0T1;Режим торгов адресное репо;;;;;;;;;;;;;;;;;;;;0.00;0.00;0.00;0.00;0.00;0.00;0.00;0.00;0.00;0.00;0;0.00;0.00;47.68;1.00;47.68000000;572.52;12.00;47.71000000;10.00000000;-9.00000000;5647.39;118.00;8;7.86000000;0.00000000;47680.00;1000.00;-6.50000000;95.36;2.00;9.93000000;10.00000000;-10.00000000;58267.23;1222.00;25;-4.40000000;0.00000000
2023-07-14;BA;US0970231058;THE BOEING COMPANY;THE BOEING COMPANY;Акции иностранного эмитента обыкновенные;Out of list;USD;USD;5.00000000;USD;;Y;T0T1;Режим торгов адресное репо;;;;;;;;;;;;;;;;;;;;0.00;0.00;0.00;0.00;0.00;0.00;0.00;0.00;0.00;0.00;0;0.00;0.00;1302.66;6.00;217.11000000;216.85;1.00;216.85000000;10.00000000;-9.00000000;37953.17;175.00;17;7.25000000;0.00000000;13227.85;61.00;-8.00000000;4337.00;20.00;7.00000000;10.00000000;-10.00000000;457750.40;2111.00;82;-1.79000000;0.00000000
2023-07-14;AAPL;US0378331005;Apple Inc.;Apple Inc.;Акции иностранного эмитента обыкновенные;Out of list;USD;USD;0.00001000;USD;;Y;T0T1;Режим торгов адресное репо;;;;;;;;;;;;;;;;;;;;0.00;0.00;0.00;0.00;0.00;0.00;0.00;0.00;0.00;0.00;0;0.00;0.00;571.95;3.00;190.65000000;5147.01;27.00;190.63000000;10.00000000;-16.00000000;106055.43;557.00;56;-6.15000000;0.00000000;21890.25;115.00;-7.00000000;3235.95;17.00;6.86000000;10.00000000;-10.00000000;1641954.45;8626.00;250;-3.58000000;0.00000000
2023-07-14;GILD;US3755581036;GILEAD SCIENCES, INC.;GILEAD SCIENCES, INC.;Акции иностранного эмитента обыкновенные;Out of list;USD;USD;0.00100000;USD;;Y;T0T1;Режим торгов адресное репо;;;;;;;;;;;;;;;;;;;;0.00;0.00;0.00;0.00;0.00;0.00;0.00;0.00;0.00;0.00;0;0.00;0.00;460.26;6.00;76.71000000;997.23;13.00;76.71000000;8.11000000;0.00000000;1457.49;19.00;2;2.56000000;0.00000000;76.71;1.00;1.33000000;76.71;1.00;1.33000000;1.33000000;1.33000000;76.71;1.00;1;1.33000000;0.00000000
2023-07-14;CAT;US1491231015;Caterpillar Inc.;Caterpillar Inc.;Акции иностранного эмитента обыкновенные;Out of list;USD;USD;1.00000000;USD;;Y;T0;Режим переговорных сделок;;;;;;;;;;;;;;;;;;;;0.00;0.00;0.00;0.00;0.00;0.00;0.00;0.00;0.00;0.00;0;0.00;0.00;0.00;0.00;0.00000000;0.00;0.00;0.00000000;0.00000000;0.00000000;0.00;0.00;0;0.00000000;0.00000000;0.00;0.00;0.00000000;0.00;0.00;0.00000000;0.00000000;0.00000000;0.00;0.00;0;0.00000000;0.00000000
2023-07-14;CAT;US1491231015;Caterpillar Inc.;Caterpillar Inc.;Акции иностранного эмитента обыкновенные;Out of list;USD;USD;1.00000000;USD;;Y;T1;Режим переговорных сделок;;;;;;;;;;;;;;;;;;;;0.00;0.00;0.00;0.00;0.00;0.00;0.00;0.00;0.00;0.00;0;0.00;0.00;0.00;0.00;0.00000000;0.00;0.00;0.00000000;0.00000000;0.00000000;0.00;0.00;0;0.00000000;0.00000000;0.00;0.00;0.00000000;0.00;0.00;0.00000000;0.00000000;0.00000000;0.00;0.00;0;0.00000000;0.00000000
2023-07-14;CAT;US1491231015;Caterpillar Inc.;Caterpillar Inc.;Акции иностранного эмитента обыкновенные;Out of list;USD;USD;1.00000000;USD;;Y;T2;Режим переговорных сделок;;;;;;;;;;;;;;;;;;;;0.00;0.00;0.00;0.00;0.00;0.00;0.00;0.00;0.00;0.00;0;0.00;0.00;0.00;0.00;0.00000000;0.00;0.00;0.00000000;0.00000000;0.00000000;0.00;0.00;0;0.00000000;0.00000000;0.00;0.00;0.00000000;0.00;0.00;0.00000000;0.00000000;0.00000000;0.00;0.00;0;0.00000000;0.00000000
2023-07-14;PM;US7181721090;Philip Morris International Inc.;Philip Morris International Inc.;Акции иностранного эмитента обыкновенные;Out of list;USD;USD;0.00000000;USD;;Y;T0;Режим переговорных сделок;;;;;;;;;;;;;;;;;;;;0.00;0.00;0.00;0.00;0.00;0.00;0.00;0.00;0.00;0.00;0;0.00;0.00;0.00;0.00;0.00000000;0.00;0.00;0.00000000;0.00000000;0.00000000;0.00;0.00;0;0.00000000;0.00000000;0.00;0.00;0.00000000;0.00;0.00;0.00000000;0.00000000;0.00000000;0.00;0.00;0;0.00000000;0.00000000
2023-07-14;PM;US7181721090;Philip Morris International Inc.;Philip Morris International Inc.;Акции иностранного эмитента обыкновенные;Out of list;USD;USD;0.00000000;USD;;Y;T1;Режим переговорных сделок;;;;;;;;;;;;;;;;;;;;0.00;0.00;0.00;0.00;0.00;0.00;0.00;0.00;0.00;0.00;0;0.00;0.00;0.00;0.00;0.00000000;0.00;0.00;0.00000000;0.00000000;0.00000000;0.00;0.00;0;0.00000000;0.00000000;0.00;0.00;0.00000000;0.00;0.00;0.00000000;0.00000000;0.00000000;0.00;0.00;0;0.00000000;0.00000000
2023-07-14;PM;US7181721090;Philip Morris International Inc.;Philip Morris International Inc.;Акции иностранного эмитента обыкновенные;Out of list;USD;USD;0.00000000;USD;;Y;T2;Режим переговорных сделок;;;;;;;;;;;;;;;;;;;;0.00;0.00;0.00;0.00;0.00;0.00;0.00;0.00;0.00;0.00;0;0.00;0.00;0.00;0.00;0.00000000;0.00;0.00;0.00000000;0.00000000;0.00000000;0.00;0.00;0;0.00000000;0.00000000;0.00;0.00;0.00000000;0.00;0.00;0.00000000;0.00000000;0.00000000;0.00;0.00;0;0.00000000;0.00000000
2023-07-14;KO;US1912161007;THE COCA-COLA COMPANY;THE COCA-COLA COMPANY;Акции иностранного эмитента обыкновенные;Out of list;USD;USD;0.25000000;USD;;Y;T0;Режим переговорных сделок;;;;;;;;;;;;;;;;;;;;0.00;0.00;0.00;0.00;0.00;0.00;0.00;0.00;0.00;0.00;0;0.00;0.00;0.00;0.00;0.00000000;0.00;0.00;0.00000000;0.00000000;0.00000000;0.00;0.00;0;0.00000000;0.00000000;0.00;0.00;0.00000000;0.00;0.00;0.00000000;0.00000000;0.00000000;0.00;0.00;0;0.00000000;0.00000000
2023-07-14;KO;US1912161007;THE COCA-COLA COMPANY;THE COCA-COLA COMPANY;Акции иностранного эмитента обыкновенные;Out of list;USD;USD;0.25000000;USD;;Y;T1;Режим переговорных сделок;;;;;;;;;;;;;;;;;;;;0.00;0.00;0.00;0.00;0.00;0.00;0.00;0.00;0.00;0.00;0;0.00;0.00;0.00;0.00;0.00000000;0.00;0.00;0.00000000;0.00000000;0.00000000;0.00;0.00;0;0.00000000;0.00000000;0.00;0.00;0.00000000;0.00;0.00;0.00000000;0.00000000;0.00000000;0.00;0.00;0;0.00000000;0.00000000
2023-07-14;KO;US1912161007;THE COCA-COLA COMPANY;THE COCA-COLA COMPANY;Акции иностранного эмитента обыкновенные;Out of list;USD;USD;0.25000000;USD;;Y;T2;Режим переговорных сделок;;;;;;;;;;;;;;;;;;;;0.00;0.00;0.00;0.00;0.00;0.00;0.00;0.00;0.00;0.00;0;0.00;0.00;0.00;0.00;0.00000000;0.00;0.00;0.00000000;0.00000000;0.00000000;0.00;0.00;0;0.00000000;0.00000000;0.00;0.00;0.00000000;0.00;0.00;0.00000000;0.00000000;0.00000000;0.00;0.00;0;0.00000000;0.00000000
2023-07-14;F;US3453708600;Ford Motor Company;Ford Motor Company;Акции иностранного эмитента обыкновенные;Out of list;USD;USD;0.01000000;USD;;Y;T0;Режим переговорных сделок;;;;;;;;;;;;;;;;;;;;0.00;0.00;0.00;0.00;0.00;0.00;0.00;0.00;0.00;0.00;0;0.00;0.00;0.00;0.00;0.00000000;0.00;0.00;0.00000000;0.00000000;0.00000000;0.00;0.00;0;0.00000000;0.00000000;0.00;0.00;0.00000000;0.00;0.00;0.00000000;0.00000000;0.00000000;0.00;0.00;0;0.00000000;0.00000000
2023-07-14;PG;US7427181091;The Procter & Gamble Company;The Procter & Gamble Company;Акции иностранного эмитента обыкновенные;Out of list;USD;USD;0.00000000;USD;;Y;T0;Режим переговорных сделок;;;;;;;;;;;;;;;;;;;;0.00;0.00;0.00;0.00;0.00;0.00;0.00;0.00;0.00;0.00;0;0.00;0.00;0.00;0.00;0.00000000;0.00;0.00;0.00000000;0.00000000;0.00000000;0.00;0.00;0;0.00000000;0.00000000;0.00;0.00;0.00000000;0.00;0.00;0.00000000;0.00000000;0.00000000;0.00;0.00;0;0.00000000;0.00000000
2023-07-14;PG;US7427181091;The Procter & Gamble Company;The Procter & Gamble Company;Акции иностранного эмитента обыкновенные;Out of list;USD;USD;0.00000000;USD;;Y;T1;Режим переговорных сделок;;;;;;;;;;;;;;;;;;;;0.00;0.00;0.00;0.00;0.00;0.00;0.00;0.00;0.00;0.00;0;0.00;0.00;0.00;0.00;0.00000000;0.00;0.00;0.00000000;0.00000000;0.00000000;0.00;0.00;0;0.00000000;0.00000000;0.00;0.00;0.00000000;0.00;0.00;0.00000000;0.00000000;0.00000000;0.00;0.00;0;0.00000000;0.00000000
2023-07-14;PG;US7427181091;The Procter & Gamble Company;The Procter & Gamble Company;Акции иностранного эмитента обыкновенные;Out of list;USD;USD;0.00000000;USD;;Y;T2;Режим переговорных сделок;;;;;;;;;;;;;;;;;;;;0.00;0.00;0.00;0.00;0.00;0.00;0.00;0.00;0.00;0.00;0;0.00;0.00;0.00;0.00;0.00000000;0.00;0.00;0.00000000;0.00000000;0.00000000;0.00;0.00;0;0.00000000;0.00000000;0.00;0.00;0.00000000;0.00;0.00;0.00000000;0.00000000;0.00000000;0.00;0.00;0;0.00000000;0.00000000
2023-07-14;WMT;US9311421039;Walmart Inc.;Walmart Inc.;Акции иностранного эмитента обыкновенные;Out of list;USD;USD;0.10000000;USD;;Y;T0;Режим переговорных сделок;;;;;;;;;;;;;;;;;;;;0.00;0.00;0.00;0.00;0.00;0.00;0.00;0.00;0.00;0.00;0;0.00;0.00;0.00;0.00;0.00000000;0.00;0.00;0.00000000;0.00000000;0.00000000;0.00;0.00;0;0.00000000;0.00000000;0.00;0.00;0.00000000;0.00;0.00;0.00000000;0.00000000;0.00000000;0.00;0.00;0;0.00000000;0.00000000
2023-07-14;WMT;US9311421039;Walmart Inc.;Walmart Inc.;Акции иностранного эмитента обыкновенные;Out of list;USD;USD;0.10000000;USD;;Y;T1;Режим переговорных сделок;;;;;;;;;;;;;;;;;;;;0.00;0.00;0.00;0.00;0.00;0.00;0.00;0.00;0.00;0.00;0;0.00;0.00;0.00;0.00;0.00000000;0.00;0.00;0.00000000;0.00000000;0.00000000;0.00;0.00;0;0.00000000;0.00000000;0.00;0.00;0.00000000;0.00;0.00;0.00000000;0.00000000;0.00000000;0.00;0.00;0;0.00000000;0.00000000
2023-07-14;WMT;US9311421039;Walmart Inc.;Walmart Inc.;Акции иностранного эмитента обыкновенные;Out of list;USD;USD;0.10000000;USD;;Y;T2;Режим переговорных сделок;;;;;;;;;;;;;;;;;;;;0.00;0.00;0.00;0.00;0.00;0.00;0.00;0.00;0.00;0.00;0;0.00;0.00;0.00;0.00;0.00000000;0.00;0.00;0.00000000;0.00000000;0.00000000;0.00;0.00;0;0.00000000;0.00000000;0.00;0.00;0.00000000;0.00;0.00;0.00000000;0.00000000;0.00000000;0.00;0.00;0;0.00000000;0.00000000
2023-07-14;AMZN;US0231351067;Amazon.com, Inc.;Amazon.com, Inc.;Акции иностранного эмитента обыкновенные;Out of list;USD;USD;0.01000000;USD;;Y;T0;Режим переговорных сделок;;;;;;;;;;;;;;;;;;;;0.00;0.00;0.00;0.00;0.00;0.00;0.00;0.00;0.00;0.00;0;0.00;0.00;0.00;0.00;0.00000000;0.00;0.00;0.00000000;0.00000000;0.00000000;0.00;0.00;0;0.00000000;0.00000000;0.00;0.00;0.00000000;0.00;0.00;0.00000000;0.00000000;0.00000000;0.00;0.00;0;0.00000000;0.00000000
2023-07-14;ETLN@GR;US29760G1031;Etalon Group PLC, GDR RUB;The Bank of New York Mellon;;Out of list;RUB;RUB;0.00000000;RUB;;Y;T0T1;Режим торгов адресное репо;;;;;;;;;;;;;;;;;;;;0.00;0.00;0.00;0.00;0.00;0.00;0.00;0.00;0.00;0.00;0;0.00;0.00;0.00;0.00;0.00000000;0.00;0.00;0.00000000;0.00000000;0.00000000;0.00;0.00;0;0.00000000;0.00000000;0.00;0.00;0.00000000;0.00;0.00;0.00000000;0.00000000;0.00000000;0.00;0.00;0;0.00000000;0.00000000
2023-07-14;AMZN;US0231351067;Amazon.com, Inc.;Amazon.com, Inc.;Акции иностранного эмитента обыкновенные;Out of list;USD;USD;0.01000000;USD;;Y;T1;Режим переговорных сделок;;;;;;;;;;;;;;;;;;;;0.00;0.00;0.00;0.00;0.00;0.00;0.00;0.00;0.00;0.00;0;0.00;0.00;0.00;0.00;0.00000000;0.00;0.00;0.00000000;0.00000000;0.00000000;0.00;0.00;0;0.00000000;0.00000000;0.00;0.00;0.00000000;0.00;0.00;0.00000000;0.00000000;0.00000000;0.00;0.00;0;0.00000000;0.00000000
2023-07-14;AMZN;US0231351067;Amazon.com, Inc.;Amazon.com, Inc.;Акции иностранного эмитента обыкновенные;Out of list;USD;USD;0.01000000;USD;;Y;T2;Режим переговорных сделок;;;;;;;;;;;;;;;;;;;;0.00;0.00;0.00;0.00;0.00;0.00;0.00;0.00;0.00;0.00;0;0.00;0.00;0.00;0.00;0.00000000;0.00;0.00;0.00000000;0.00000000;0.00000000;0.00;0.00;0;0.00000000;0.00000000;0.00;0.00;0.00000000;0.00;0.00;0.00000000;0.00000000;0.00000000;0.00;0.00;0;0.00000000;0.00000000
2023-07-14;F;US3453708600;Ford Motor Company;Ford Motor Company;Акции иностранного эмитента обыкновенные;Out of list;USD;USD;0.01000000;USD;;Y;T1;Режим переговорных сделок;;;;;;;;;;;;;;;;;;;;0.00;0.00;0.00;0.00;0.00;0.00;0.00;0.00;0.00;0.00;0;0.00;0.00;0.00;0.00;0.00000000;0.00;0.00;0.00000000;0.00000000;0.00000000;0.00;0.00;0;0.00000000;0.00000000;0.00;0.00;0.00000000;0.00;0.00;0.00000000;0.00000000;0.00000000;0.00;0.00;0;0.00000000;0.00000000
2023-07-14;F;US3453708600;Ford Motor Company;Ford Motor Company;Акции иностранного эмитента обыкновенные;Out of list;USD;USD;0.01000000;USD;;Y;T2;Режим переговорных сделок;;;;;;;;;;;;;;;;;;;;0.00;0.00;0.00;0.00;0.00;0.00;0.00;0.00;0.00;0.00;0;0.00;0.00;0.00;0.00;0.00000000;0.00;0.00;0.00000000;0.00000000;0.00000000;0.00;0.00;0;0.00000000;0.00000000;0.00;0.00;0.00000000;0.00;0.00;0.00000000;0.00000000;0.00000000;0.00;0.00;0;0.00000000;0.00000000
2023-07-14;DIS;US2546871060;The Walt Disney Company;The Walt Disney Company;Акции иностранного эмитента обыкновенные;Out of list;USD;USD;0.01000000;USD;;Y;T0;Режим переговорных сделок;;;;;;;;;;;;;;;;;;;;0.00;0.00;0.00;0.00;0.00;0.00;0.00;0.00;0.00;0.00;0;0.00;0.00;0.00;0.00;0.00000000;0.00;0.00;0.00000000;0.00000000;0.00000000;0.00;0.00;0;0.00000000;0.00000000;0.00;0.00;0.00000000;0.00;0.00;0.00000000;0.00000000;0.00000000;0.00;0.00;0;0.00000000;0.00000000
2023-07-14;DIS;US2546871060;The Walt Disney Company;The Walt Disney Company;Акции иностранного эмитента обыкновенные;Out of list;USD;USD;0.01000000;USD;;Y;T1;Режим переговорных сделок;;;;;;;;;;;;;;;;;;;;0.00;0.00;0.00;0.00;0.00;0.00;0.00;0.00;0.00;0.00;0;0.00;0.00;0.00;0.00;0.00000000;0.00;0.00;0.00000000;0.00000000;0.00000000;0.00;0.00;0;0.00000000;0.00000000;0.00;0.00;0.00000000;0.00;0.00;0.00000000;0.00000000;0.00000000;0.00;0.00;0;0.00000000;0.00000000
2023-07-14;DIS;US2546871060;The Walt Disney Company;The Walt Disney Company;Акции иностранного эмитента обыкновенные;Out of list;USD;USD;0.01000000;USD;;Y;T2;Режим переговорных сделок;;;;;;;;;;;;;;;;;;;;0.00;0.00;0.00;0.00;0.00;0.00;0.00;0.00;0.00;0.00;0;0.00;0.00;0.00;0.00;0.00000000;0.00;0.00;0.00000000;0.00000000;0.00000000;0.00;0.00;0;0.00000000;0.00000000;0.00;0.00;0.00000000;0.00;0.00;0.00000000;0.00000000;0.00000000;0.00;0.00;0;0.00000000;0.00000000
2023-07-14;SBUX;US8552441094;Starbucks Corporation;Starbucks Corporation;Акции иностранного эмитента обыкновенные;Out of list;USD;USD;0.00100000;USD;;Y;T0;Режим переговорных сделок;;;;;;;;;;;;;;;;;;;;0.00;0.00;0.00;0.00;0.00;0.00;0.00;0.00;0.00;0.00;0;0.00;0.00;0.00;0.00;0.00000000;0.00;0.00;0.00000000;0.00000000;0.00000000;0.00;0.00;0;0.00000000;0.00000000;0.00;0.00;0.00000000;0.00;0.00;0.00000000;0.00000000;0.00000000;0.00;0.00;0;0.00000000;0.00000000
2023-07-14;SBUX;US8552441094;Starbucks Corporation;Starbucks Corporation;Акции иностранного эмитента обыкновенные;Out of list;USD;USD;0.00100000;USD;;Y;T1;Режим переговорных сделок;;;;;;;;;;;;;;;;;;;;0.00;0.00;0.00;0.00;0.00;0.00;0.00;0.00;0.00;0.00;0;0.00;0.00;0.00;0.00;0.00000000;0.00;0.00;0.00000000;0.00000000;0.00000000;0.00;0.00;0;0.00000000;0.00000000;0.00;0.00;0.00000000;0.00;0.00;0.00000000;0.00000000;0.00000000;0.00;0.00;0;0.00000000;0.00000000
2023-07-14;SBUX;US8552441094;Starbucks Corporation;Starbucks Corporation;Акции иностранного эмитента обыкновенные;Out of list;USD;USD;0.00100000;USD;;Y;T2;Режим переговорных сделок;;;;;;;;;;;;;;;;;;;;0.00;0.00;0.00;0.00;0.00;0.00;0.00;0.00;0.00;0.00;0;0.00;0.00;0.00;0.00;0.00000000;0.00;0.00;0.00000000;0.00000000;0.00000000;0.00;0.00;0;0.00000000;0.00000000;0.00;0.00;0.00000000;0.00;0.00;0.00000000;0.00000000;0.00000000;0.00;0.00;0;0.00000000;0.00000000
2023-07-14;MCD;US5801351017;McDonald's Corporation;McDonald's Corporation;Акции иностранного эмитента обыкновенные;Out of list;USD;USD;0.01000000;USD;;Y;T0;Режим переговорных сделок;;;;;;;;;;;;;;;;;;;;0.00;0.00;0.00;0.00;0.00;0.00;0.00;0.00;0.00;0.00;0;0.00;0.00;0.00;0.00;0.00000000;0.00;0.00;0.00000000;0.00000000;0.00000000;0.00;0.00;0;0.00000000;0.00000000;0.00;0.00;0.00000000;0.00;0.00;0.00000000;0.00000000;0.00000000;0.00;0.00;0;0.00000000;0.00000000
2023-07-14;ETLN@GR;US29760G1031;Etalon Group PLC, GDR RUB;The Bank of New York Mellon;;Out of list;RUB;RUB;0.00000000;RUB;;Y;T0T2;Режим торгов адресное репо;;;;;;;;;;;;;;;;;;;;0.00;0.00;0.00;0.00;0.00;0.00;0.00;0.00;0.00;0.00;0;0.00;0.00;0.00;0.00;0.00000000;0.00;0.00;0.00000000;0.00000000;0.00000000;0.00;0.00;0;0.00000000;0.00000000;0.00;0.00;0.00000000;0.00;0.00;0.00000000;0.00000000;0.00000000;0.00;0.00;0;0.00000000;0.00000000
2023-07-14;MCD;US5801351017;McDonald's Corporation;McDonald's Corporation;Акции иностранного эмитента обыкновенные;Out of list;USD;USD;0.01000000;USD;;Y;T1;Режим переговорных сделок;;;;;;;;;;;;;;;;;;;;0.00;0.00;0.00;0.00;0.00;0.00;0.00;0.00;0.00;0.00;0;0.00;0.00;0.00;0.00;0.00000000;0.00;0.00;0.00000000;0.00000000;0.00000000;0.00;0.00;0;0.00000000;0.00000000;0.00;0.00;0.00000000;0.00;0.00;0.00000000;0.00000000;0.00000000;0.00;0.00;0;0.00000000;0.00000000
2023-07-14;MCD;US5801351017;McDonald's Corporation;McDonald's Corporation;Акции иностранного эмитента обыкновенные;Out of list;USD;USD;0.01000000;USD;;Y;T2;Режим переговорных сделок;;;;;;;;;;;;;;;;;;;;0.00;0.00;0.00;0.00;0.00;0.00;0.00;0.00;0.00;0.00;0;0.00;0.00;0.00;0.00;0.00000000;0.00;0.00;0.00000000;0.00000000;0.00000000;0.00;0.00;0;0.00000000;0.00000000;0.00;0.00;0.00000000;0.00;0.00;0.00000000;0.00000000;0.00000000;0.00;0.00;0;0.00000000;0.00000000
2023-07-14;FSLR;US3364331070;First Solar, Inc.;First Solar, Inc.;Акции иностранного эмитента обыкновенные;Out of list;USD;USD;0.00100000;USD;;Y;T0;Режим переговорных сделок;;;;;;;;;;;;;;;;;;;;0.00;0.00;0.00;0.00;0.00;0.00;0.00;0.00;0.00;0.00;0;0.00;0.00;0.00;0.00;0.00000000;0.00;0.00;0.00000000;0.00000000;0.00000000;0.00;0.00;0;0.00000000;0.00000000;0.00;0.00;0.00000000;0.00;0.00;0.00000000;0.00000000;0.00000000;0.00;0.00;0;0.00000000;0.00000000
2023-07-14;FSLR;US3364331070;First Solar, Inc.;First Solar, Inc.;Акции иностранного эмитента обыкновенные;Out of list;USD;USD;0.00100000;USD;;Y;T1;Режим переговорных сделок;;;;;;;;;;;;;;;;;;;;0.00;0.00;0.00;0.00;0.00;0.00;0.00;0.00;0.00;0.00;0;0.00;0.00;0.00;0.00;0.00000000;0.00;0.00;0.00000000;0.00000000;0.00000000;0.00;0.00;0;0.00000000;0.00000000;0.00;0.00;0.00000000;0.00;0.00;0.00000000;0.00000000;0.00000000;0.00;0.00;0;0.00000000;0.00000000
2023-07-14;FSLR;US3364331070;First Solar, Inc.;First Solar, Inc.;Акции иностранного эмитента обыкновенные;Out of list;USD;USD;0.00100000;USD;;Y;T2;Режим переговорных сделок;;;;;;;;;;;;;;;;;;;;0.00;0.00;0.00;0.00;0.00;0.00;0.00;0.00;0.00;0.00;0;0.00;0.00;0.00;0.00;0.00000000;0.00;0.00;0.00000000;0.00000000;0.00000000;0.00;0.00;0;0.00000000;0.00000000;0.00;0.00;0.00000000;0.00;0.00;0.00000000;0.00000000;0.00000000;0.00;0.00;0;0.00000000;0.00000000
2023-07-14;VLO;US91913Y1001;Valero Energy Corporation;Valero Energy Corporation;Акции иностранного эмитента обыкновенные;Out of list;USD;USD;0.01000000;USD;;Y;T0;Режим переговорных сделок;;;;;;;;;;;;;;;;;;;;0.00;0.00;0.00;0.00;0.00;0.00;0.00;0.00;0.00;0.00;0;0.00;0.00;0.00;0.00;0.00000000;0.00;0.00;0.00000000;0.00000000;0.00000000;0.00;0.00;0;0.00000000;0.00000000;0.00;0.00;0.00000000;0.00;0.00;0.00000000;0.00000000;0.00000000;0.00;0.00;0;0.00000000;0.00000000
2023-07-14;VLO;US91913Y1001;Valero Energy Corporation;Valero Energy Corporation;Акции иностранного эмитента обыкновенные;Out of list;USD;USD;0.01000000;USD;;Y;T1;Режим переговорных сделок;;;;;;;;;;;;;;;;;;;;0.00;0.00;0.00;0.00;0.00;0.00;0.00;0.00;0.00;0.00;0;0.00;0.00;0.00;0.00;0.00000000;0.00;0.00;0.00000000;0.00000000;0.00000000;0.00;0.00;0;0.00000000;0.00000000;0.00;0.00;0.00000000;0.00;0.00;0.00000000;0.00000000;0.00000000;0.00;0.00;0;0.00000000;0.00000000
2023-07-14;VLO;US91913Y1001;Valero Energy Corporation;Valero Energy Corporation;Акции иностранного эмитента обыкновенные;Out of list;USD;USD;0.01000000;USD;;Y;T2;Режим переговорных сделок;;;;;;;;;;;;;;;;;;;;0.00;0.00;0.00;0.00;0.00;0.00;0.00;0.00;0.00;0.00;0;0.00;0.00;0.00;0.00;0.00000000;0.00;0.00;0.00000000;0.00000000;0.00000000;0.00;0.00;0;0.00000000;0.00000000;0.00;0.00;0.00000000;0.00;0.00;0.00000000;0.00000000;0.00000000;0.00;0.00;0;0.00000000;0.00000000
2023-07-14;XOM;US30231G1022;Exxon Mobil Corporation;Exxon Mobil Corporation;Акции иностранного эмитента обыкновенные;Out of list;USD;USD;0.00000000;USD;;Y;T0;Режим переговорных сделок;;;;;;;;;;;;;;;;;;;;0.00;0.00;0.00;0.00;0.00;0.00;0.00;0.00;0.00;0.00;0;0.00;0.00;0.00;0.00;0.00000000;0.00;0.00;0.00000000;0.00000000;0.00000000;0.00;0.00;0;0.00000000;0.00000000;0.00;0.00;0.00000000;0.00;0.00;0.00000000;0.00000000;0.00000000;0.00;0.00;0;0.00000000;0.00000000
2023-07-14;XOM;US30231G1022;Exxon Mobil Corporation;Exxon Mobil Corporation;Акции иностранного эмитента обыкновенные;Out of list;USD;USD;0.00000000;USD;;Y;T1;Режим переговорных сделок;;;;;;;;;;;;;;;;;;;;0.00;0.00;0.00;0.00;0.00;0.00;0.00;0.00;0.00;0.00;0;0.00;0.00;0.00;0.00;0.00000000;0.00;0.00;0.00000000;0.00000000;0.00000000;0.00;0.00;0;0.00000000;0.00000000;0.00;0.00;0.00000000;0.00;0.00;0.00000000;0.00000000;0.00000000;0.00;0.00;0;0.00000000;0.00000000
2023-07-14;XOM;US30231G1022;Exxon Mobil Corporation;Exxon Mobil Corporation;Акции иностранного эмитента обыкновенные;Out of list;USD;USD;0.00000000;USD;;Y;T2;Режим переговорных сделок;;;;;;;;;;;;;;;;;;;;0.00;0.00;0.00;0.00;0.00;0.00;0.00;0.00;0.00;0.00;0;0.00;0.00;0.00;0.00;0.00000000;0.00;0.00;0.00000000;0.00000000;0.00000000;0.00;0.00;0;0.00000000;0.00000000;0.00;0.00;0.00000000;0.00;0.00;0.00000000;0.00000000;0.00000000;0.00;0.00;0;0.00000000;0.00000000
2023-07-14;CVX;US1667641005;Chevron Corporation;Chevron Corporation;Акции иностранного эмитента обыкновенные;Out of list;USD;USD;0.75000000;USD;;Y;T0;Режим переговорных сделок;;;;;;;;;;;;;;;;;;;;0.00;0.00;0.00;0.00;0.00;0.00;0.00;0.00;0.00;0.00;0;0.00;0.00;0.00;0.00;0.00000000;0.00;0.00;0.00000000;0.00000000;0.00000000;0.00;0.00;0;0.00000000;0.00000000;0.00;0.00;0.00000000;0.00;0.00;0.00000000;0.00000000;0.00000000;0.00;0.00;0;0.00000000;0.00000000
2023-07-14;CVX;US1667641005;Chevron Corporation;Chevron Corporation;Акции иностранного эмитента обыкновенные;Out of list;USD;USD;0.75000000;USD;;Y;T1;Режим переговорных сделок;;;;;;;;;;;;;;;;;;;;0.00;0.00;0.00;0.00;0.00;0.00;0.00;0.00;0.00;0.00;0;0.00;0.00;0.00;0.00;0.00000000;0.00;0.00;0.00000000;0.00000000;0.00000000;0.00;0.00;0;0.00000000;0.00000000;0.00;0.00;0.00000000;0.00;0.00;0.00000000;0.00000000;0.00000000;0.00;0.00;0;0.00000000;0.00000000
2023-07-14;CVX;US1667641005;Chevron Corporation;Chevron Corporation;Акции иностранного эмитента обыкновенные;Out of list;USD;USD;0.75000000;USD;;Y;T2;Режим переговорных сделок;;;;;;;;;;;;;;;;;;;;0.00;0.00;0.00;0.00;0.00;0.00;0.00;0.00;0.00;0.00;0;0.00;0.00;0.00;0.00;0.00000000;0.00;0.00;0.00000000;0.00000000;0.00000000;0.00;0.00;0;0.00000000;0.00000000;0.00;0.00;0.00000000;0.00;0.00;0.00000000;0.00000000;0.00000000;0.00;0.00;0;0.00000000;0.00000000
2023-07-14;T;US00206R1023;AT&T INC.;AT&T INC.;Акции иностранного эмитента обыкновенные;Out of list;USD;USD;1.00000000;USD;;Y;T0;Режим переговорных сделок;;;;;;;;;;;;;;;;;;;;0.00;0.00;0.00;0.00;0.00;0.00;0.00;0.00;0.00;0.00;0;0.00;0.00;0.00;0.00;0.00000000;0.00;0.00;0.00000000;0.00000000;0.00000000;0.00;0.00;0;0.00000000;0.00000000;0.00;0.00;0.00000000;0.00;0.00;0.00000000;0.00000000;0.00000000;0.00;0.00;0;0.00000000;0.00000000
2023-07-14;T;US00206R1023;AT&T INC.;AT&T INC.;Акции иностранного эмитента обыкновенные;Out of list;USD;USD;1.00000000;USD;;Y;T1;Режим переговорных сделок;;;;;;;;;;;;;;;;;;;;0.00;0.00;0.00;0.00;0.00;0.00;0.00;0.00;0.00;0.00;0;0.00;0.00;0.00;0.00;0.00000000;0.00;0.00;0.00000000;0.00000000;0.00000000;0.00;0.00;0;0.00000000;0.00000000;0.00;0.00;0.00000000;0.00;0.00;0.00000000;0.00000000;0.00000000;0.00;0.00;0;0.00000000;0.00000000
2023-07-14;T;US00206R1023;AT&T INC.;AT&T INC.;Акции иностранного эмитента обыкновенные;Out of list;USD;USD;1.00000000;USD;;Y;T2;Режим переговорных сделок;;;;;;;;;;;;;;;;;;;;0.00;0.00;0.00;0.00;0.00;0.00;0.00;0.00;0.00;0.00;0;0.00;0.00;0.00;0.00;0.00000000;0.00;0.00;0.00000000;0.00000000;0.00000000;0.00;0.00;0;0.00000000;0.00000000;0.00;0.00;0.00000000;0.00;0.00;0.00000000;0.00000000;0.00000000;0.00;0.00;0;0.00000000;0.00000000
2023-07-14;VZ;US92343V1044;Verizon Communications Inc.;Verizon Communications Inc.;Акции иностранного эмитента обыкновенные;Out of list;USD;USD;0.10000000;USD;;Y;T0;Режим переговорных сделок;;;;;;;;;;;;;;;;;;;;0.00;0.00;0.00;0.00;0.00;0.00;0.00;0.00;0.00;0.00;0;0.00;0.00;0.00;0.00;0.00000000;0.00;0.00;0.00000000;0.00000000;0.00000000;0.00;0.00;0;0.00000000;0.00000000;0.00;0.00;0.00000000;0.00;0.00;0.00000000;0.00000000;0.00000000;0.00;0.00;0;0.00000000;0.00000000
2023-07-14;VZ;US92343V1044;Verizon Communications Inc.;Verizon Communications Inc.;Акции иностранного эмитента обыкновенные;Out of list;USD;USD;0.10000000;USD;;Y;T1;Режим переговорных сделок;;;;;;;;;;;;;;;;;;;;0.00;0.00;0.00;0.00;0.00;0.00;0.00;0.00;0.00;0.00;0;0.00;0.00;0.00;0.00;0.00000000;0.00;0.00;0.00000000;0.00000000;0.00000000;0.00;0.00;0;0.00000000;0.00000000;0.00;0.00;0.00000000;0.00;0.00;0.00000000;0.00000000;0.00000000;0.00;0.00;0;0.00000000;0.00000000
2023-07-14;VZ;US92343V1044;Verizon Communications Inc.;Verizon Communications Inc.;Акции иностранного эмитента обыкновенные;Out of list;USD;USD;0.10000000;USD;;Y;T2;Режим переговорных сделок;;;;;;;;;;;;;;;;;;;;0.00;0.00;0.00;0.00;0.00;0.00;0.00;0.00;0.00;0.00;0;0.00;0.00;0.00;0.00;0.00000000;0.00;0.00;0.00000000;0.00000000;0.00000000;0.00;0.00;0;0.00000000;0.00000000;0.00;0.00;0.00000000;0.00;0.00;0.00000000;0.00000000;0.00000000;0.00;0.00;0;0.00000000;0.00000000
2023-07-14;GOOGL;US02079K3059;Alphabet Inc. Class A;Alphabet Inc.;Акции иностранного эмитента обыкновенные класса A;Out of list;USD;USD;0.00100000;USD;;Y;T0;Режим переговорных сделок;;;;;;;;;;;;;;;;;;;;0.00;0.00;0.00;0.00;0.00;0.00;0.00;0.00;0.00;0.00;0;0.00;0.00;0.00;0.00;0.00000000;0.00;0.00;0.00000000;0.00000000;0.00000000;0.00;0.00;0;0.00000000;0.00000000;0.00;0.00;0.00000000;0.00;0.00;0.00000000;0.00000000;0.00000000;0.00;0.00;0;0.00000000;0.00000000
2023-07-14;EXC;US30161N1019;Exelon Corporation;Exelon Corporation;Акции иностранного эмитента обыкновенные;Out of list;USD;USD;0.00000000;USD;;Y;T0;Режим переговорных сделок;;;;;;;;;;;;;;;;;;;;0.00;0.00;0.00;0.00;0.00;0.00;0.00;0.00;0.00;0.00;0;0.00;0.00;0.00;0.00;0.00000000;0.00;0.00;0.00000000;0.00000000;0.00000000;0.00;0.00;0;0.00000000;0.00000000;0.00;0.00;0.00000000;0.00;0.00;0.00000000;0.00000000;0.00000000;0.00;0.00;0;0.00000000;0.00000000
2023-07-14;ETLN@GR;US29760G1031;Etalon Group PLC, GDR RUB;The Bank of New York Mellon;;Out of list;RUB;RUB;0.00000000;RUB;;Y;T1T2;Режим торгов адресное репо;;;;;;;;;;;;;;;;;;;;0.00;0.00;0.00;0.00;0.00;0.00;0.00;0.00;0.00;0.00;0;0.00;0.00;0.00;0.00;0.00000000;0.00;0.00;0.00000000;0.00000000;0.00000000;0.00;0.00;0;0.00000000;0.00000000;0.00;0.00;0.00000000;0.00;0.00;0.00000000;0.00000000;0.00000000;0.00;0.00;0;0.00000000;0.00000000
2023-07-14;EXC;US30161N1019;Exelon Corporation;Exelon Corporation;Акции иностранного эмитента обыкновенные;Out of list;USD;USD;0.00000000;USD;;Y;T1;Режим переговорных сделок;;;;;;;;;;;;;;;;;;;;0.00;0.00;0.00;0.00;0.00;0.00;0.00;0.00;0.00;0.00;0;0.00;0.00;0.00;0.00;0.00000000;0.00;0.00;0.00000000;0.00000000;0.00000000;0.00;0.00;0;0.00000000;0.00000000;0.00;0.00;0.00000000;0.00;0.00;0.00000000;0.00000000;0.00000000;0.00;0.00;0;0.00000000;0.00000000
2023-07-14;EXC;US30161N1019;Exelon Corporation;Exelon Corporation;Акции иностранного эмитента обыкновенные;Out of list;USD;USD;0.00000000;USD;;Y;T2;Режим переговорных сделок;;;;;;;;;;;;;;;;;;;;0.00;0.00;0.00;0.00;0.00;0.00;0.00;0.00;0.00;0.00;0;0.00;0.00;0.00;0.00;0.00000000;0.00;0.00;0.00000000;0.00000000;0.00000000;0.00;0.00;0;0.00000000;0.00000000;0.00;0.00;0.00000000;0.00;0.00;0.00000000;0.00000000;0.00000000;0.00;0.00;0;0.00000000;0.00000000
2023-07-14;NRG;US6293775085;NRG Energy, Inc.;NRG Energy, Inc.;Акции иностранного эмитента обыкновенные;Out of list;USD;USD;0.01000000;USD;;Y;T0;Режим переговорных сделок;;;;;;;;;;;;;;;;;;;;0.00;0.00;0.00;0.00;0.00;0.00;0.00;0.00;0.00;0.00;0;0.00;0.00;0.00;0.00;0.00000000;0.00;0.00;0.00000000;0.00000000;0.00000000;0.00;0.00;0;0.00000000;0.00000000;0.00;0.00;0.00000000;0.00;0.00;0.00000000;0.00000000;0.00000000;0.00;0.00;0;0.00000000;0.00000000
2023-07-14;NRG;US6293775085;NRG Energy, Inc.;NRG Energy, Inc.;Акции иностранного эмитента обыкновенные;Out of list;USD;USD;0.01000000;USD;;Y;T1;Режим переговорных сделок;;;;;;;;;;;;;;;;;;;;0.00;0.00;0.00;0.00;0.00;0.00;0.00;0.00;0.00;0.00;0;0.00;0.00;0.00;0.00;0.00000000;0.00;0.00;0.00000000;0.00000000;0.00000000;0.00;0.00;0;0.00000000;0.00000000;0.00;0.00;0.00000000;0.00;0.00;0.00000000;0.00000000;0.00000000;0.00;0.00;0;0.00000000;0.00000000
2023-07-14;NRG;US6293775085;NRG Energy, Inc.;NRG Energy, Inc.;Акции иностранного эмитента обыкновенные;Out of list;USD;USD;0.01000000;USD;;Y;T2;Режим переговорных сделок;;;;;;;;;;;;;;;;;;;;0.00;0.00;0.00;0.00;0.00;0.00;0.00;0.00;0.00;0.00;0;0.00;0.00;0.00;0.00;0.00000000;0.00;0.00;0.00000000;0.00000000;0.00000000;0.00;0.00;0;0.00000000;0.00000000;0.00;0.00;0.00000000;0.00;0.00;0.00000000;0.00000000;0.00000000;0.00;0.00;0;0.00000000;0.00000000
2023-07-14;TSLA;US88160R1014;Tesla, Inc.;Tesla, Inc.;Акции иностранного эмитента обыкновенные;Out of list;USD;USD;0.00100000;USD;;Y;T0;Режим переговорных сделок;;;;;;;;;;;;;;;;;;;;0.00;0.00;0.00;0.00;0.00;0.00;0.00;0.00;0.00;0.00;0;0.00;0.00;0.00;0.00;0.00000000;0.00;0.00;0.00000000;0.00000000;0.00000000;0.00;0.00;0;0.00000000;0.00000000;0.00;0.00;0.00000000;0.00;0.00;0.00000000;0.00000000;0.00000000;0.00;0.00;0;0.00000000;0.00000000
2023-07-14;TSLA;US88160R1014;Tesla, Inc.;Tesla, Inc.;Акции иностранного эмитента обыкновенные;Out of list;USD;USD;0.00100000;USD;;Y;T1;Режим переговорных сделок;;;;;;;;;;;;;;;;;;;;0.00;0.00;0.00;0.00;0.00;0.00;0.00;0.00;0.00;0.00;0;0.00;0.00;0.00;0.00;0.00000000;0.00;0.00;0.00000000;0.00000000;0.00000000;0.00;0.00;0;0.00000000;0.00000000;0.00;0.00;0.00000000;0.00;0.00;0.00000000;0.00000000;0.00000000;0.00;0.00;0;0.00000000;0.00000000
2023-07-14;TSLA;US88160R1014;Tesla, Inc.;Tesla, Inc.;Акции иностранного эмитента обыкновенные;Out of list;USD;USD;0.00100000;USD;;Y;T2;Режим переговорных сделок;;;;;;;;;;;;;;;;;;;;0.00;0.00;0.00;0.00;0.00;0.00;0.00;0.00;0.00;0.00;0;0.00;0.00;0.00;0.00;0.00000000;0.00;0.00;0.00000000;0.00000000;0.00000000;0.00;0.00;0;0.00000000;0.00000000;0.00;0.00;0.00000000;0.00;0.00;0.00000000;0.00000000;0.00000000;0.00;0.00;0;0.00000000;0.00000000
2023-07-14;GOOGL;US02079K3059;Alphabet Inc. Class A;Alphabet Inc.;Акции иностранного эмитента обыкновенные класса A;Out of list;USD;USD;0.00100000;USD;;Y;T1;Режим переговорных сделок;;;;;;;;;;;;;;;;;;;;0.00;0.00;0.00;0.00;0.00;0.00;0.00;0.00;0.00;0.00;0;0.00;0.00;0.00;0.00;0.00000000;0.00;0.00;0.00000000;0.00000000;0.00000000;0.00;0.00;0;0.00000000;0.00000000;0.00;0.00;0.00000000;0.00;0.00;0.00000000;0.00000000;0.00000000;0.00;0.00;0;0.00000000;0.00000000
2023-07-14;GOOGL;US02079K3059;Alphabet Inc. Class A;Alphabet Inc.;Акции иностранного эмитента обыкновенные класса A;Out of list;USD;USD;0.00100000;USD;;Y;T2;Режим переговорных сделок;;;;;;;;;;;;;;;;;;;;0.00;0.00;0.00;0.00;0.00;0.00;0.00;0.00;0.00;0.00;0;0.00;0.00;0.00;0.00;0.00000000;0.00;0.00;0.00000000;0.00000000;0.00000000;0.00;0.00;0;0.00000000;0.00000000;0.00;0.00;0.00000000;0.00;0.00;0.00000000;0.00000000;0.00000000;0.00;0.00;0;0.00000000;0.00000000
2023-07-14;GOOG;US02079K1079;Alphabet Inc. Class C;Alphabet Inc.;Акции иностранного эмитента обыкновенные класса C;Out of list;USD;USD;0.00100000;USD;;Y;T0;Режим переговорных сделок;;;;;;;;;;;;;;;;;;;;0.00;0.00;0.00;0.00;0.00;0.00;0.00;0.00;0.00;0.00;0;0.00;0.00;0.00;0.00;0.00000000;0.00;0.00;0.00000000;0.00000000;0.00000000;0.00;0.00;0;0.00000000;0.00000000;0.00;0.00;0.00000000;0.00;0.00;0.00000000;0.00000000;0.00000000;0.00;0.00;0;0.00000000;0.00000000
2023-07-14;GOOG;US02079K1079;Alphabet Inc. Class C;Alphabet Inc.;Акции иностранного эмитента обыкновенные класса C;Out of list;USD;USD;0.00100000;USD;;Y;T1;Режим переговорных сделок;;;;;;;;;;;;;;;;;;;;0.00;0.00;0.00;0.00;0.00;0.00;0.00;0.00;0.00;0.00;0;0.00;0.00;0.00;0.00;0.00000000;0.00;0.00;0.00000000;0.00000000;0.00000000;0.00;0.00;0;0.00000000;0.00000000;0.00;0.00;0.00000000;0.00;0.00;0.00000000;0.00000000;0.00000000;0.00;0.00;0;0.00000000;0.00000000
2023-07-14;GOOG;US02079K1079;Alphabet Inc. Class C;Alphabet Inc.;Акции иностранного эмитента обыкновенные класса C;Out of list;USD;USD;0.00100000;USD;;Y;T2;Режим переговорных сделок;;;;;;;;;;;;;;;;;;;;0.00;0.00;0.00;0.00;0.00;0.00;0.00;0.00;0.00;0.00;0;0.00;0.00;0.00;0.00;0.00000000;0.00;0.00;0.00000000;0.00000000;0.00000000;0.00;0.00;0;0.00000000;0.00000000;0.00;0.00;0.00000000;0.00;0.00;0.00000000;0.00000000;0.00000000;0.00;0.00;0;0.00000000;0.00000000
2023-07-14;EBAY;US2786421030;eBay Inc.;eBay Inc.;Акции иностранного эмитента обыкновенные;Out of list;USD;USD;0.00100000;USD;;Y;T0;Режим переговорных сделок;;;;;;;;;;;;;;;;;;;;0.00;0.00;0.00;0.00;0.00;0.00;0.00;0.00;0.00;0.00;0;0.00;0.00;0.00;0.00;0.00000000;0.00;0.00;0.00000000;0.00000000;0.00000000;0.00;0.00;0;0.00000000;0.00000000;0.00;0.00;0.00000000;0.00;0.00;0.00000000;0.00000000;0.00000000;0.00;0.00;0;0.00000000;0.00000000
2023-07-14;EBAY;US2786421030;eBay Inc.;eBay Inc.;Акции иностранного эмитента обыкновенные;Out of list;USD;USD;0.00100000;USD;;Y;T1;Режим переговорных сделок;;;;;;;;;;;;;;;;;;;;0.00;0.00;0.00;0.00;0.00;0.00;0.00;0.00;0.00;0.00;0;0.00;0.00;0.00;0.00;0.00000000;0.00;0.00;0.00000000;0.00000000;0.00000000;0.00;0.00;0;0.00000000;0.00000000;0.00;0.00;0.00000000;0.00;0.00;0.00000000;0.00000000;0.00000000;0.00;0.00;0;0.00000000;0.00000000
2023-07-14;EBAY;US2786421030;eBay Inc.;eBay Inc.;Акции иностранного эмитента обыкновенные;Out of list;USD;USD;0.00100000;USD;;Y;T2;Режим переговорных сделок;;;;;;;;;;;;;;;;;;;;0.00;0.00;0.00;0.00;0.00;0.00;0.00;0.00;0.00;0.00;0;0.00;0.00;0.00;0.00;0.00000000;0.00;0.00;0.00000000;0.00000000;0.00000000;0.00;0.00;0;0.00000000;0.00000000;0.00;0.00;0.00000000;0.00;0.00;0.00000000;0.00000000;0.00000000;0.00;0.00;0;0.00000000;0.00000000
2023-07-14;CAT;US1491231015;Caterpillar Inc.;Caterpillar Inc.;Акции иностранного эмитента обыкновенные;Out of list;USD;USD;1.00000000;USD;;Y;T0T1;Режим торгов адресное репо;;;;;;;;;;;;;;;;;;;;0.00;0.00;0.00;0.00;0.00;0.00;0.00;0.00;0.00;0.00;0;0.00;0.00;764.10;3.00;254.70000000;764.10;3.00;254.70000000;15.50000000;15.50000000;764.10;3.00;1;15.50000000;0.00000000;0.00;0.00;0.00000000;0.00;0.00;0.00000000;0.00000000;0.00000000;0.00;0.00;0;0.00000000;0.00000000
2023-07-14;PM;US7181721090;Philip Morris International Inc.;Philip Morris International Inc.;Акции иностранного эмитента обыкновенные;Out of list;USD;USD;0.00000000;USD;;Y;T0T1;Режим торгов адресное репо;;;;;;;;;;;;;;;;;;;;0.00;0.00;0.00;0.00;0.00;0.00;0.00;0.00;0.00;0.00;0;0.00;0.00;4924.01;49.00;100.49000000;4924.01;49.00;100.49000000;7.00000000;7.00000000;4924.01;49.00;1;7.00000000;0.00000000;0.00;0.00;0.00000000;0.00;0.00;0.00000000;0.00000000;0.00000000;0.00;0.00;0;0.00000000;0.00000000
2023-07-14;KO;US1912161007;THE COCA-COLA COMPANY;THE COCA-COLA COMPANY;Акции иностранного эмитента обыкновенные;Out of list;USD;USD;0.25000000;USD;;Y;T0T1;Режим торгов адресное репо;;;;;;;;;;;;;;;;;;;;0.00;0.00;0.00;0.00;0.00;0.00;0.00;0.00;0.00;0.00;0;0.00;0.00;120.64;2.00;60.32000000;120.64;2.00;60.32000000;10.00000000;5.31000000;844.48;14.00;4;8.55000000;0.00000000;965.12;16.00;-10.00000000;60.32;1.00;1.00000000;10.00000000;-10.00000000;80535.28;1332.00;25;7.62000000;0.00000000
2023-07-14;WMT;US9311421039;Walmart Inc.;Walmart Inc.;Акции иностранного эмитента обыкновенные;Out of list;USD;USD;0.10000000;USD;;Y;T0T1;Режим торгов адресное репо;;;;;;;;;;;;;;;;;;;;0.00;0.00;0.00;0.00;0.00;0.00;0.00;0.00;0.00;0.00;0;0.00;0.00;1541.30;10.00;154.13000000;154.13;1.00;154.13000000;9.00000000;-9.00000000;1695.43;11.00;2;-7.36000000;0.00000000;154.13;1.00;-8.00000000;308.26;2.00;-9.00000000;-8.00000000;-10.00000000;1387.17;9.00;4;-9.00000000;0.00000000
2023-07-14;AMZN;US0231351067;Amazon.com, Inc.;Amazon.com, Inc.;Акции иностранного эмитента обыкновенные;Out of list;USD;USD;0.01000000;USD;;Y;T0T1;Режим торгов адресное репо;;;;;;;;;;;;;;;;;;;;0.00;0.00;0.00;0.00;0.00;0.00;0.00;0.00;0.00;0.00;0;0.00;0.00;268.60;2.00;134.30000000;3819.76;28.00;136.42000000;10.00000000;-16.00000000;102316.16;763.00;14;-6.36000000;0.00000000;1342.00;10.00;-9.00000000;134.20;1.00;8.19000000;10.00000000;-10.00000000;308206.02;2299.00;68;3.23000000;0.00000000
2023-07-14;F;US3453708600;Ford Motor Company;Ford Motor Company;Акции иностранного эмитента обыкновенные;Out of list;USD;USD;0.01000000;USD;;Y;T0T1;Режим торгов адресное репо;;;;;;;;;;;;;;;;;;;;0.00;0.00;0.00;0.00;0.00;0.00;0.00;0.00;0.00;0.00;0;0.00;0.00;531.30;35.00;15.18000000;376.50;25.00;15.06000000;15.50000000;-15.50000000;28959.28;1918.00;25;11.30000000;0.00000000;19734.00;1300.00;-7.00000000;45.54;3.00;10.00000000;10.00000000;-10.00000000;110237.16;7262.00;79;1.33000000;0.00000000
2023-07-14;DIS;US2546871060;The Walt Disney Company;The Walt Disney Company;Акции иностранного эмитента обыкновенные;Out of list;USD;USD;0.01000000;USD;;Y;T0T1;Режим торгов адресное репо;;;;;;;;;;;;;;;;;;;;0.00;0.00;0.00;0.00;0.00;0.00;0.00;0.00;0.00;0.00;0;0.00;0.00;4597.65;51.00;90.15000000;904.70;10.00;90.47000000;10.00000000;0.00000000;12827.18;142.00;22;8.42000000;0.00000000;90.43;1.00;-8.00000000;53082.41;587.00;7.99000000;10.00000000;-10.00000000;409030.79;4523.00;104;7.73000000;0.00000000
2023-07-14;SBUX;US8552441094;Starbucks Corporation;Starbucks Corporation;Акции иностранного эмитента обыкновенные;Out of list;USD;USD;0.00100000;USD;;Y;T0T1;Режим торгов адресное репо;;;;;;;;;;;;;;;;;;;;0.00;0.00;0.00;0.00;0.00;0.00;0.00;0.00;0.00;0.00;0;0.00;0.00;0.00;0.00;0.00000000;0.00;0.00;0.00000000;0.00000000;0.00000000;0.00;0.00;0;0.00000000;0.00000000;0.00;0.00;0.00000000;0.00;0.00;0.00000000;0.00000000;0.00000000;0.00;0.00;0;0.00000000;0.00000000
2023-07-14;MCD;US5801351017;McDonald's Corporation;McDonald's Corporation;Акции иностранного эмитента обыкновенные;Out of list;USD;USD;0.01000000;USD;;Y;T0T1;Режим торгов адресное репо;;;;;;;;;;;;;;;;;;;;0.00;0.00;0.00;0.00;0.00;0.00;0.00;0.00;0.00;0.00;0;0.00;0.00;590.44;2.00;295.22000000;590.44;2.00;295.22000000;10.00000000;10.00000000;590.44;2.00;1;10.00000000;0.00000000;295.22;1.00;7.18000000;295.22;1.00;6.50000000;7.18000000;4.65000000;1476.10;5.00;4;5.53000000;0.00000000
2023-07-14;FSLR;US3364331070;First Solar, Inc.;First Solar, Inc.;Акции иностранного эмитента обыкновенные;Out of list;USD;USD;0.00100000;USD;;Y;T0T1;Режим торгов адресное репо;;;;;;;;;;;;;;;;;;;;0.00;0.00;0.00;0.00;0.00;0.00;0.00;0.00;0.00;0.00;0;0.00;0.00;197.25;1.00;197.25000000;197.25;1.00;197.25000000;10.00000000;10.00000000;197.25;1.00;1;10.00000000;0.00000000;986.25;5.00;-10.00000000;1183.50;6.00;10.00000000;10.00000000;-10.00000000;19133.25;97.00;8;6.49000000;0.00000000
2023-07-14;VLO;US91913Y1001;Valero Energy Corporation;Valero Energy Corporation;Акции иностранного эмитента обыкновенные;Out of list;USD;USD;0.01000000;USD;;Y;T0T1;Режим торгов адресное репо;;;;;;;;;;;;;;;;;;;;0.00;0.00;0.00;0.00;0.00;0.00;0.00;0.00;0.00;0.00;0;0.00;0.00;15252.47;139.00;109.73000000;15252.47;139.00;109.73000000;-0.50000000;-0.50000000;15252.47;139.00;1;-0.50000000;0.00000000;34653.00;300.00;6.50000000;6054.88;52.00;9.83000000;10.00000000;4.00000000;43133.59;373.00;4;6.84000000;0.00000000
2023-07-14;XOM;US30231G1022;Exxon Mobil Corporation;Exxon Mobil Corporation;Акции иностранного эмитента обыкновенные;Out of list;USD;USD;0.00000000;USD;;Y;T0T1;Режим торгов адресное репо;;;;;;;;;;;;;;;;;;;;0.00;0.00;0.00;0.00;0.00;0.00;0.00;0.00;0.00;0.00;0;0.00;0.00;104.54;1.00;104.54000000;104.54;1.00;104.54000000;8.00000000;-10.00000000;1463.56;14.00;5;-6.22000000;0.00000000;104.54;1.00;-9.00000000;104.54;1.00;1.59000000;10.00000000;-10.00000000;520295.58;4977.00;34;6.02000000;0.00000000
2023-07-14;CVX;US1667641005;Chevron Corporation;Chevron Corporation;Акции иностранного эмитента обыкновенные;Out of list;USD;USD;0.75000000;USD;;Y;T0T1;Режим торгов адресное репо;;;;;;;;;;;;;;;;;;;;0.00;0.00;0.00;0.00;0.00;0.00;0.00;0.00;0.00;0.00;0;0.00;0.00;157.51;1.00;157.51000000;945.06;6.00;157.51000000;8.35000000;-10.00000000;2047.63;13.00;3;-1.07000000;0.00000000;4410.28;28.00;-7.00000000;945.06;6.00;9.00000000;10.00000000;-10.00000000;40795.09;259.00;15;4.39000000;0.00000000
2023-07-14;T;US00206R1023;AT&T INC.;AT&T INC.;Акции иностранного эмитента обыкновенные;Out of list;USD;USD;1.00000000;USD;;Y;T0T1;Режим торгов адресное репо;;;;;;;;;;;;;;;;;;;;0.00;0.00;0.00;0.00;0.00;0.00;0.00;0.00;0.00;0.00;0;0.00;0.00;1341.90;90.00;14.91000000;1360.80;90.00;15.12000000;10.00000000;-13.50000000;20895.81;1384.00;23;5.96000000;0.00000000;1465.67;97.00;8.00000000;392.86;26.00;10.00000000;10.00000000;1.00000000;84860.27;5615.00;99;7.68000000;0.00000000
2023-07-14;VZ;US92343V1044;Verizon Communications Inc.;Verizon Communications Inc.;Акции иностранного эмитента обыкновенные;Out of list;USD;USD;0.10000000;USD;;Y;T0T1;Режим торгов адресное репо;;;;;;;;;;;;;;;;;;;;0.00;0.00;0.00;0.00;0.00;0.00;0.00;0.00;0.00;0.00;0;0.00;0.00;2928.24;84.00;34.86000000;207.66;6.00;34.61000000;10.00000000;-16.00000000;6237.19;179.00;5;-7.86000000;0.00000000;34.60;1.00;-10.00000000;173.05;5.00;7.00000000;10.00000000;-10.00000000;119023.78;3439.00;16;7.56000000;0.00000000
2023-07-14;EXC;US30161N1019;Exelon Corporation;Exelon Corporation;Акции иностранного эмитента обыкновенные;Out of list;USD;USD;0.00000000;USD;;Y;T0T1;Режим торгов адресное репо;;;;;;;;;;;;;;;;;;;;0.00;0.00;0.00;0.00;0.00;0.00;0.00;0.00;0.00;0.00;0;0.00;0.00;0.00;0.00;0.00000000;0.00;0.00;0.00000000;0.00000000;0.00000000;0.00;0.00;0;0.00000000;0.00000000;0.00;0.00;0.00000000;0.00;0.00;0.00000000;0.00000000;0.00000000;0.00;0.00;0;0.00000000;0.00000000
2023-07-14;NRG;US6293775085;NRG Energy, Inc.;NRG Energy, Inc.;Акции иностранного эмитента обыкновенные;Out of list;USD;USD;0.01000000;USD;;Y;T0T1;Режим торгов адресное репо;;;;;;;;;;;;;;;;;;;;0.00;0.00;0.00;0.00;0.00;0.00;0.00;0.00;0.00;0.00;0;0.00;0.00;497.00;14.00;35.50000000;12141.00;342.00;35.50000000;-0.50000000;-0.50000000;73946.50;2083.00;22;-0.50000000;0.00000000;37.27;1.00;9.34000000;37.27;1.00;9.34000000;9.34000000;9.34000000;37.27;1.00;1;9.34000000;0.00000000
2023-07-14;TSLA;US88160R1014;Tesla, Inc.;Tesla, Inc.;Акции иностранного эмитента обыкновенные;Out of list;USD;USD;0.00100000;USD;;Y;T0T1;Режим торгов адресное репо;;;;;;;;;;;;;;;;;;;;0.00;0.00;0.00;0.00;0.00;0.00;0.00;0.00;0.00;0.00;0;0.00;0.00;277.39;1.00;277.39000000;10576.92;38.00;278.34000000;15.50000000;-16.00000000;2620514.01;9521.00;123;2.02000000;0.00000000;2494.08;9.00;-10.00000000;8590.72;31.00;7.91000000;10.00000000;-10.00000000;12006934.63;43308.00;481;-0.22000000;0.00000000
2023-07-14;GOOGL;US02079K3059;Alphabet Inc. Class A;Alphabet Inc.;Акции иностранного эмитента обыкновенные класса A;Out of list;USD;USD;0.00100000;USD;;Y;T0T1;Режим торгов адресное репо;;;;;;;;;;;;;;;;;;;;0.00;0.00;0.00;0.00;0.00;0.00;0.00;0.00;0.00;0.00;0;0.00;0.00;250.80;2.00;125.40000000;1503.60;12.00;125.30000000;15.50000000;-15.50000000;67463.33;541.00;14;2.64000000;0.00000000;124.58;1.00;-9.00000000;124.58;1.00;8.00000000;10.00000000;-10.00000000;690756.47;5544.00;134;7.30000000;0.00000000
2023-07-14;GOOG;US02079K1079;Alphabet Inc. Class C;Alphabet Inc.;Акции иностранного эмитента обыкновенные класса C;Out of list;USD;USD;0.00100000;USD;;Y;T0T1;Режим торгов адресное репо;;;;;;;;;;;;;;;;;;;;0.00;0.00;0.00;0.00;0.00;0.00;0.00;0.00;0.00;0.00;0;0.00;0.00;125.00;1.00;125.00000000;125.00;1.00;125.00000000;8.00000000;8.00000000;125.00;1.00;1;8.00000000;0.00000000;1250.00;10.00;-10.00000000;125.00;1.00;10.00000000;10.00000000;-10.00000000;43855.64;353.00;19;1.06000000;0.00000000
2023-07-14;EBAY;US2786421030;eBay Inc.;eBay Inc.;Акции иностранного эмитента обыкновенные;Out of list;USD;USD;0.00100000;USD;;Y;T0T1;Режим торгов адресное репо;;;;;;;;;;;;;;;;;;;;0.00;0.00;0.00;0.00;0.00;0.00;0.00;0.00;0.00;0.00;0;0.00;0.00;46.13;1.00;46.13000000;46.13;1.00;46.13000000;0.00000000;0.00000000;46.13;1.00;1;0.00000000;0.00000000;5900.80;128.00;6.95000000;5900.80;128.00;6.95000000;6.95000000;6.95000000;5900.80;128.00;1;6.95000000;0.00000000
2023-07-14;PG;US7427181091;The Procter & Gamble Company;The Procter & Gamble Company;Акции иностранного эмитента обыкновенные;Out of list;USD;USD;0.00000000;USD;;Y;T0T1;Режим торгов адресное репо;;;;;;;;;;;;;;;;;;;;0.00;0.00;0.00;0.00;0.00;0.00;0.00;0.00;0.00;0.00;0;0.00;0.00;0.00;0.00;0.00000000;0.00;0.00;0.00000000;0.00000000;0.00000000;0.00;0.00;0;0.00000000;0.00000000;446.85;3.00;9.00000000;148.95;1.00;9.00000000;9.00000000;9.00000000;595.80;4.00;2;9.00000000;0.00000000
2023-07-14;PG;US7427181091;The Procter & Gamble Company;The Procter & Gamble Company;Акции иностранного эмитента обыкновенные;Out of list;USD;USD;0.00000000;USD;;Y;T1T2;Режим торгов адресное репо;;;;;;;;;;;;;;;;;;;;0.00;0.00;0.00;0.00;0.00;0.00;0.00;0.00;0.00;0.00;0;0.00;0.00;0.00;0.00;0.00000000;0.00;0.00;0.00000000;0.00000000;0.00000000;0.00;0.00;0;0.00000000;0.00000000;0.00;0.00;0.00000000;0.00;0.00;0.00000000;0.00000000;0.00000000;0.00;0.00;0;0.00000000;0.00000000
2023-07-14;EBAY;US2786421030;eBay Inc.;eBay Inc.;Акции иностранного эмитента обыкновенные;Out of list;USD;USD;0.00100000;USD;;Y;T1T2;Режим торгов адресное репо;;;;;;;;;;;;;;;;;;;;0.00;0.00;0.00;0.00;0.00;0.00;0.00;0.00;0.00;0.00;0;0.00;0.00;0.00;0.00;0.00000000;0.00;0.00;0.00000000;0.00000000;0.00000000;0.00;0.00;0;0.00000000;0.00000000;0.00;0.00;0.00000000;0.00;0.00;0.00000000;0.00000000;0.00000000;0.00;0.00;0;0.00000000;0.00000000
2023-07-14;GOOG;US02079K1079;Alphabet Inc. Class C;Alphabet Inc.;Акции иностранного эмитента обыкновенные класса C;Out of list;USD;USD;0.00100000;USD;;Y;T1T2;Режим торгов адресное репо;;;;;;;;;;;;;;;;;;;;0.00;0.00;0.00;0.00;0.00;0.00;0.00;0.00;0.00;0.00;0;0.00;0.00;0.00;0.00;0.00000000;0.00;0.00;0.00000000;0.00000000;0.00000000;0.00;0.00;0;0.00000000;0.00000000;0.00;0.00;0.00000000;0.00;0.00;0.00000000;0.00000000;0.00000000;0.00;0.00;0;0.00000000;0.00000000
2023-07-14;NRG;US6293775085;NRG Energy, Inc.;NRG Energy, Inc.;Акции иностранного эмитента обыкновенные;Out of list;USD;USD;0.01000000;USD;;Y;T1T2;Режим торгов адресное репо;;;;;;;;;;;;;;;;;;;;0.00;0.00;0.00;0.00;0.00;0.00;0.00;0.00;0.00;0.00;0;0.00;0.00;0.00;0.00;0.00000000;0.00;0.00;0.00000000;0.00000000;0.00000000;0.00;0.00;0;0.00000000;0.00000000;0.00;0.00;0.00000000;0.00;0.00;0.00000000;0.00000000;0.00000000;0.00;0.00;0;0.00000000;0.00000000
2023-07-14;EXC;US30161N1019;Exelon Corporation;Exelon Corporation;Акции иностранного эмитента обыкновенные;Out of list;USD;USD;0.00000000;USD;;Y;T1T2;Режим торгов адресное репо;;;;;;;;;;;;;;;;;;;;0.00;0.00;0.00;0.00;0.00;0.00;0.00;0.00;0.00;0.00;0;0.00;0.00;0.00;0.00;0.00000000;0.00;0.00;0.00000000;0.00000000;0.00000000;0.00;0.00;0;0.00000000;0.00000000;0.00;0.00;0.00000000;0.00;0.00;0.00000000;0.00000000;0.00000000;0.00;0.00;0;0.00000000;0.00000000
2023-07-14;VZ;US92343V1044;Verizon Communications Inc.;Verizon Communications Inc.;Акции иностранного эмитента обыкновенные;Out of list;USD;USD;0.10000000;USD;;Y;T1T2;Режим торгов адресное репо;;;;;;;;;;;;;;;;;;;;0.00;0.00;0.00;0.00;0.00;0.00;0.00;0.00;0.00;0.00;0;0.00;0.00;0.00;0.00;0.00000000;0.00;0.00;0.00000000;0.00000000;0.00000000;0.00;0.00;0;0.00000000;0.00000000;0.00;0.00;0.00000000;0.00;0.00;0.00000000;0.00000000;0.00000000;0.00;0.00;0;0.00000000;0.00000000
2023-07-14;T;US00206R1023;AT&T INC.;AT&T INC.;Акции иностранного эмитента обыкновенные;Out of list;USD;USD;1.00000000;USD;;Y;T1T2;Режим торгов адресное репо;;;;;;;;;;;;;;;;;;;;0.00;0.00;0.00;0.00;0.00;0.00;0.00;0.00;0.00;0.00;0;0.00;0.00;0.00;0.00;0.00000000;0.00;0.00;0.00000000;0.00000000;0.00000000;0.00;0.00;0;0.00000000;0.00000000;0.00;0.00;0.00000000;0.00;0.00;0.00000000;0.00000000;0.00000000;0.00;0.00;0;0.00000000;0.00000000
2023-07-14;CVX;US1667641005;Chevron Corporation;Chevron Corporation;Акции иностранного эмитента обыкновенные;Out of list;USD;USD;0.75000000;USD;;Y;T1T2;Режим торгов адресное репо;;;;;;;;;;;;;;;;;;;;0.00;0.00;0.00;0.00;0.00;0.00;0.00;0.00;0.00;0.00;0;0.00;0.00;0.00;0.00;0.00000000;0.00;0.00;0.00000000;0.00000000;0.00000000;0.00;0.00;0;0.00000000;0.00000000;0.00;0.00;0.00000000;0.00;0.00;0.00000000;0.00000000;0.00000000;0.00;0.00;0;0.00000000;0.00000000
2023-07-14;XOM;US30231G1022;Exxon Mobil Corporation;Exxon Mobil Corporation;Акции иностранного эмитента обыкновенные;Out of list;USD;USD;0.00000000;USD;;Y;T1T2;Режим торгов адресное репо;;;;;;;;;;;;;;;;;;;;0.00;0.00;0.00;0.00;0.00;0.00;0.00;0.00;0.00;0.00;0;0.00;0.00;0.00;0.00;0.00000000;0.00;0.00;0.00000000;0.00000000;0.00000000;0.00;0.00;0;0.00000000;0.00000000;0.00;0.00;0.00000000;0.00;0.00;0.00000000;0.00000000;0.00000000;0.00;0.00;0;0.00000000;0.00000000
2023-07-14;VLO;US91913Y1001;Valero Energy Corporation;Valero Energy Corporation;Акции иностранного эмитента обыкновенные;Out of list;USD;USD;0.01000000;USD;;Y;T1T2;Режим торгов адресное репо;;;;;;;;;;;;;;;;;;;;0.00;0.00;0.00;0.00;0.00;0.00;0.00;0.00;0.00;0.00;0;0.00;0.00;0.00;0.00;0.00000000;0.00;0.00;0.00000000;0.00000000;0.00000000;0.00;0.00;0;0.00000000;0.00000000;0.00;0.00;0.00000000;0.00;0.00;0.00000000;0.00000000;0.00000000;0.00;0.00;0;0.00000000;0.00000000
2023-07-14;FSLR;US3364331070;First Solar, Inc.;First Solar, Inc.;Акции иностранного эмитента обыкновенные;Out of list;USD;USD;0.00100000;USD;;Y;T1T2;Режим торгов адресное репо;;;;;;;;;;;;;;;;;;;;0.00;0.00;0.00;0.00;0.00;0.00;0.00;0.00;0.00;0.00;0;0.00;0.00;0.00;0.00;0.00000000;0.00;0.00;0.00000000;0.00000000;0.00000000;0.00;0.00;0;0.00000000;0.00000000;0.00;0.00;0.00000000;0.00;0.00;0.00000000;0.00000000;0.00000000;0.00;0.00;0;0.00000000;0.00000000
2023-07-14;MCD;US5801351017;McDonald's Corporation;McDonald's Corporation;Акции иностранного эмитента обыкновенные;Out of list;USD;USD;0.01000000;USD;;Y;T1T2;Режим торгов адресное репо;;;;;;;;;;;;;;;;;;;;0.00;0.00;0.00;0.00;0.00;0.00;0.00;0.00;0.00;0.00;0;0.00;0.00;0.00;0.00;0.00000000;0.00;0.00;0.00000000;0.00000000;0.00000000;0.00;0.00;0;0.00000000;0.00000000;0.00;0.00;0.00000000;0.00;0.00;0.00000000;0.00000000;0.00000000;0.00;0.00;0;0.00000000;0.00000000
2023-07-14;SBUX;US8552441094;Starbucks Corporation;Starbucks Corporation;Акции иностранного эмитента обыкновенные;Out of list;USD;USD;0.00100000;USD;;Y;T1T2;Режим торгов адресное репо;;;;;;;;;;;;;;;;;;;;0.00;0.00;0.00;0.00;0.00;0.00;0.00;0.00;0.00;0.00;0;0.00;0.00;0.00;0.00;0.00000000;0.00;0.00;0.00000000;0.00000000;0.00000000;0.00;0.00;0;0.00000000;0.00000000;0.00;0.00;0.00000000;0.00;0.00;0.00000000;0.00000000;0.00000000;0.00;0.00;0;0.00000000;0.00000000
2023-07-14;DIS;US2546871060;The Walt Disney Company;The Walt Disney Company;Акции иностранного эмитента обыкновенные;Out of list;USD;USD;0.01000000;USD;;Y;T1T2;Режим торгов адресное репо;;;;;;;;;;;;;;;;;;;;0.00;0.00;0.00;0.00;0.00;0.00;0.00;0.00;0.00;0.00;0;0.00;0.00;0.00;0.00;0.00000000;0.00;0.00;0.00000000;0.00000000;0.00000000;0.00;0.00;0;0.00000000;0.00000000;0.00;0.00;0.00000000;0.00;0.00;0.00000000;0.00000000;0.00000000;0.00;0.00;0;0.00000000;0.00000000
2023-07-14;F;US3453708600;Ford Motor Company;Ford Motor Company;Акции иностранного эмитента обыкновенные;Out of list;USD;USD;0.01000000;USD;;Y;T1T2;Режим торгов адресное репо;;;;;;;;;;;;;;;;;;;;0.00;0.00;0.00;0.00;0.00;0.00;0.00;0.00;0.00;0.00;0;0.00;0.00;0.00;0.00;0.00000000;0.00;0.00;0.00000000;0.00000000;0.00000000;0.00;0.00;0;0.00000000;0.00000000;0.00;0.00;0.00000000;0.00;0.00;0.00000000;0.00000000;0.00000000;0.00;0.00;0;0.00000000;0.00000000
2023-07-14;WMT;US9311421039;Walmart Inc.;Walmart Inc.;Акции иностранного эмитента обыкновенные;Out of list;USD;USD;0.10000000;USD;;Y;T1T2;Режим торгов адресное репо;;;;;;;;;;;;;;;;;;;;0.00;0.00;0.00;0.00;0.00;0.00;0.00;0.00;0.00;0.00;0;0.00;0.00;0.00;0.00;0.00000000;0.00;0.00;0.00000000;0.00000000;0.00000000;0.00;0.00;0;0.00000000;0.00000000;0.00;0.00;0.00000000;0.00;0.00;0.00000000;0.00000000;0.00000000;0.00;0.00;0;0.00000000;0.00000000
2023-07-14;KO;US1912161007;THE COCA-COLA COMPANY;THE COCA-COLA COMPANY;Акции иностранного эмитента обыкновенные;Out of list;USD;USD;0.25000000;USD;;Y;T1T2;Режим торгов адресное репо;;;;;;;;;;;;;;;;;;;;0.00;0.00;0.00;0.00;0.00;0.00;0.00;0.00;0.00;0.00;0;0.00;0.00;0.00;0.00;0.00000000;0.00;0.00;0.00000000;0.00000000;0.00000000;0.00;0.00;0;0.00000000;0.00000000;0.00;0.00;0.00000000;0.00;0.00;0.00000000;0.00000000;0.00000000;0.00;0.00;0;0.00000000;0.00000000
2023-07-14;PM;US7181721090;Philip Morris International Inc.;Philip Morris International Inc.;Акции иностранного эмитента обыкновенные;Out of list;USD;USD;0.00000000;USD;;Y;T1T2;Режим торгов адресное репо;;;;;;;;;;;;;;;;;;;;0.00;0.00;0.00;0.00;0.00;0.00;0.00;0.00;0.00;0.00;0;0.00;0.00;0.00;0.00;0.00000000;0.00;0.00;0.00000000;0.00000000;0.00000000;0.00;0.00;0;0.00000000;0.00000000;0.00;0.00;0.00000000;0.00;0.00;0.00000000;0.00000000;0.00000000;0.00;0.00;0;0.00000000;0.00000000
2023-07-14;CAT;US1491231015;Caterpillar Inc.;Caterpillar Inc.;Акции иностранного эмитента обыкновенные;Out of list;USD;USD;1.00000000;USD;;Y;T1T2;Режим торгов адресное репо;;;;;;;;;;;;;;;;;;;;0.00;0.00;0.00;0.00;0.00;0.00;0.00;0.00;0.00;0.00;0;0.00;0.00;0.00;0.00;0.00000000;0.00;0.00;0.00000000;0.00000000;0.00000000;0.00;0.00;0;0.00000000;0.00000000;0.00;0.00;0.00000000;0.00;0.00;0.00000000;0.00000000;0.00000000;0.00;0.00;0;0.00000000;0.00000000
2023-07-14;BA;US0970231058;THE BOEING COMPANY;THE BOEING COMPANY;Акции иностранного эмитента обыкновенные;Out of list;USD;USD;5.00000000;USD;;Y;T1T2;Режим торгов адресное репо;;;;;;;;;;;;;;;;;;;;0.00;0.00;0.00;0.00;0.00;0.00;0.00;0.00;0.00;0.00;0;0.00;0.00;0.00;0.00;0.00000000;0.00;0.00;0.00000000;0.00000000;0.00000000;0.00;0.00;0;0.00000000;0.00000000;0.00;0.00;0.00000000;0.00;0.00;0.00000000;0.00000000;0.00000000;0.00;0.00;0;0.00000000;0.00000000
2023-07-14;DAL;US2473617023;Delta Air Lines, Inc.;Delta Air Lines, Inc.;Акции иностранного эмитента обыкновенные;Out of list;USD;USD;0.00010000;USD;;Y;T1T2;Режим торгов адресное репо;;;;;;;;;;;;;;;;;;;;0.00;0.00;0.00;0.00;0.00;0.00;0.00;0.00;0.00;0.00;0;0.00;0.00;0.00;0.00;0.00000000;0.00;0.00;0.00000000;0.00000000;0.00000000;0.00;0.00;0;0.00000000;0.00000000;0.00;0.00;0.00000000;0.00;0.00;0.00000000;0.00000000;0.00000000;0.00;0.00;0;0.00000000;0.00000000
2023-07-14;NEM;US6516391066;Newmont Corporation;Newmont Corporation;Акции иностранного эмитента обыкновенные;Out of list;USD;USD;1.60000000;USD;;Y;T1T2;Режим торгов адресное репо;;;;;;;;;;;;;;;;;;;;0.00;0.00;0.00;0.00;0.00;0.00;0.00;0.00;0.00;0.00;0;0.00;0.00;0.00;0.00;0.00000000;0.00;0.00;0.00000000;0.00000000;0.00000000;0.00;0.00;0;0.00000000;0.00000000;0.00;0.00;0.00000000;0.00;0.00;0.00000000;0.00000000;0.00000000;0.00;0.00;0;0.00000000;0.00000000
2023-07-14;BAC;US0605051046;Bank of America Corporation;Bank of America Corporation;Акции иностранного эмитента обыкновенные;Out of list;USD;USD;0.01000000;USD;;Y;T1T2;Режим торгов адресное репо;;;;;;;;;;;;;;;;;;;;0.00;0.00;0.00;0.00;0.00;0.00;0.00;0.00;0.00;0.00;0;0.00;0.00;0.00;0.00;0.00000000;0.00;0.00;0.00000000;0.00000000;0.00000000;0.00;0.00;0;0.00000000;0.00000000;0.00;0.00;0.00000000;0.00;0.00;0.00000000;0.00000000;0.00000000;0.00;0.00;0;0.00000000;0.00000000
2023-07-14;MET;US59156R1086;MetLife, Inc.;MetLife, Inc.;Акции иностранного эмитента обыкновенные;Out of list;USD;USD;0.01000000;USD;;Y;T1T2;Режим торгов адресное репо;;;;;;;;;;;;;;;;;;;;0.00;0.00;0.00;0.00;0.00;0.00;0.00;0.00;0.00;0.00;0;0.00;0.00;0.00;0.00;0.00000000;0.00;0.00;0.00000000;0.00000000;0.00000000;0.00;0.00;0;0.00000000;0.00000000;0.00;0.00;0.00000000;0.00;0.00;0.00000000;0.00000000;0.00000000;0.00;0.00;0;0.00000000;0.00000000
2023-07-14;MS;US6174464486;Morgan Stanley;Morgan Stanley;Акции иностранного эмитента обыкновенные;Out of list;USD;USD;0.01000000;USD;;Y;T1T2;Режим торгов адресное репо;;;;;;;;;;;;;;;;;;;;0.00;0.00;0.00;0.00;0.00;0.00;0.00;0.00;0.00;0.00;0;0.00;0.00;0.00;0.00;0.00000000;0.00;0.00;0.00000000;0.00000000;0.00000000;0.00;0.00;0;0.00000000;0.00000000;0.00;0.00;0.00000000;0.00;0.00;0.00000000;0.00000000;0.00000000;0.00;0.00;0;0.00000000;0.00000000
2023-07-14;CME;US12572Q1058;CME GROUP INC.;CME GROUP INC.;Акции иностранного эмитента обыкновенные класса A;Out of list;USD;USD;0.01000000;USD;;Y;T1T2;Режим торгов адресное репо;;;;;;;;;;;;;;;;;;;;0.00;0.00;0.00;0.00;0.00;0.00;0.00;0.00;0.00;0.00;0;0.00;0.00;0.00;0.00;0.00000000;0.00;0.00;0.00000000;0.00000000;0.00000000;0.00;0.00;0;0.00000000;0.00000000;0.00;0.00;0.00000000;0.00;0.00;0.00000000;0.00000000;0.00000000;0.00;0.00;0;0.00000000;0.00000000
2023-07-14;V;US92826C8394;Visa Inc.;Visa Inc.;Акции иностранного эмитента обыкновенные класса A;Out of list;USD;USD;0.00010000;USD;;Y;T1T2;Режим торгов адресное репо;;;;;;;;;;;;;;;;;;;;0.00;0.00;0.00;0.00;0.00;0.00;0.00;0.00;0.00;0.00;0;0.00;0.00;0.00;0.00;0.00000000;0.00;0.00;0.00000000;0.00000000;0.00000000;0.00;0.00;0;0.00000000;0.00000000;0.00;0.00;0.00000000;0.00;0.00;0.00000000;0.00000000;0.00000000;0.00;0.00;0;0.00000000;0.00000000
2023-07-14;NFLX;US64110L1061;Netflix, Inc.;Netflix, Inc.;Акции иностранного эмитента обыкновенные;Out of list;USD;USD;0.00100000;USD;;Y;T1T2;Режим торгов адресное репо;;;;;;;;;;;;;;;;;;;;0.00;0.00;0.00;0.00;0.00;0.00;0.00;0.00;0.00;0.00;0;0.00;0.00;0.00;0.00;0.00000000;0.00;0.00;0.00000000;0.00000000;0.00000000;0.00;0.00;0;0.00000000;0.00000000;0.00;0.00;0.00000000;0.00;0.00;0.00000000;0.00000000;0.00000000;0.00;0.00;0;0.00000000;0.00000000
2023-07-14;IBM;US4592001014;INTERNATIONAL BUSINESS MACHINES CORPORATION;INTERNATIONAL BUSINESS MACHINES CORPORATION;Акции иностранного эмитента обыкновенные;Out of list;USD;USD;0.20000000;USD;;Y;T1T2;Режим торгов адресное репо;;;;;;;;;;;;;;;;;;;;0.00;0.00;0.00;0.00;0.00;0.00;0.00;0.00;0.00;0.00;0;0.00;0.00;0.00;0.00;0.00000000;0.00;0.00;0.00000000;0.00000000;0.00000000;0.00;0.00;0;0.00000000;0.00000000;0.00;0.00;0.00000000;0.00;0.00;0.00000000;0.00000000;0.00000000;0.00;0.00;0;0.00000000;0.00000000
2023-07-14;QCOM;US7475251036;QUALCOMM Incorporated;QUALCOMM Incorporated;Акции иностранного эмитента обыкновенные;Out of list;USD;USD;0.00010000;USD;;Y;T1T2;Режим торгов адресное репо;;;;;;;;;;;;;;;;;;;;0.00;0.00;0.00;0.00;0.00;0.00;0.00;0.00;0.00;0.00;0;0.00;0.00;0.00;0.00;0.00000000;0.00;0.00;0.00000000;0.00000000;0.00000000;0.00;0.00;0;0.00000000;0.00000000;0.00;0.00;0.00000000;0.00;0.00;0.00000000;0.00000000;0.00000000;0.00;0.00;0;0.00000000;0.00000000
2023-07-14;MU;US5951121038;Micron Technology, Inc.;Micron Technology, Inc.;Акции иностранного эмитента обыкновенные;Out of list;USD;USD;0.10000000;USD;;Y;T1T2;Режим торгов адресное репо;;;;;;;;;;;;;;;;;;;;0.00;0.00;0.00;0.00;0.00;0.00;0.00;0.00;0.00;0.00;0;0.00;0.00;0.00;0.00;0.00000000;0.00;0.00;0.00000000;0.00000000;0.00000000;0.00;0.00;0;0.00000000;0.00000000;0.00;0.00;0.00000000;0.00;0.00;0.00000000;0.00000000;0.00000000;0.00;0.00;0;0.00000000;0.00000000
2023-07-14;MSFT;US5949181045;Microsoft Corporation;Microsoft Corporation;Акции иностранного эмитента обыкновенные;Out of list;USD;USD;0.00000625;USD;;Y;T1T2;Режим торгов адресное репо;;;;;;;;;;;;;;;;;;;;0.00;0.00;0.00;0.00;0.00;0.00;0.00;0.00;0.00;0.00;0;0.00;0.00;0.00;0.00;0.00000000;0.00;0.00;0.00000000;0.00000000;0.00000000;0.00;0.00;0;0.00000000;0.00000000;0.00;0.00;0.00000000;0.00;0.00;0.00000000;0.00000000;0.00000000;0.00;0.00;0;0.00000000;0.00000000
2023-07-14;INTC;US4581401001;Intel Corporation;Intel Corporation;Акции иностранного эмитента обыкновенные;Out of list;USD;USD;0.00100000;USD;;Y;T1T2;Режим торгов адресное репо;;;;;;;;;;;;;;;;;;;;0.00;0.00;0.00;0.00;0.00;0.00;0.00;0.00;0.00;0.00;0;0.00;0.00;0.00;0.00;0.00000000;0.00;0.00;0.00000000;0.00000000;0.00000000;0.00;0.00;0;0.00000000;0.00000000;0.00;0.00;0.00000000;0.00;0.00;0.00000000;0.00000000;0.00000000;0.00;0.00;0;0.00000000;0.00000000
2023-07-14;CSCO;US17275R1023;Cisco Systems, Inc.;Cisco Systems, Inc.;Акции иностранного эмитента обыкновенные;Out of list;USD;USD;0.00100000;USD;;Y;T1T2;Режим торгов адресное репо;;;;;;;;;;;;;;;;;;;;0.00;0.00;0.00;0.00;0.00;0.00;0.00;0.00;0.00;0.00;0;0.00;0.00;0.00;0.00;0.00000000;0.00;0.00;0.00000000;0.00000000;0.00000000;0.00;0.00;0;0.00000000;0.00000000;0.00;0.00;0.00000000;0.00;0.00;0.00000000;0.00000000;0.00000000;0.00;0.00;0;0.00000000;0.00000000
2023-07-14;AAPL;US0378331005;Apple Inc.;Apple Inc.;Акции иностранного эмитента обыкновенные;Out of list;USD;USD;0.00001000;USD;;Y;T1T2;Режим торгов адресное репо;;;;;;;;;;;;;;;;;;;;0.00;0.00;0.00;0.00;0.00;0.00;0.00;0.00;0.00;0.00;0;0.00;0.00;0.00;0.00;0.00000000;0.00;0.00;0.00000000;0.00000000;0.00000000;0.00;0.00;0;0.00000000;0.00000000;0.00;0.00;0.00000000;0.00;0.00;0.00000000;0.00000000;0.00000000;0.00;0.00;0;0.00000000;0.00000000
2023-07-14;JNJ;US4781601046;Johnson & Johnson;Johnson & Johnson;Акции иностранного эмитента обыкновенные;Out of list;USD;USD;1.00000000;USD;;Y;T1T2;Режим торгов адресное репо;;;;;;;;;;;;;;;;;;;;0.00;0.00;0.00;0.00;0.00;0.00;0.00;0.00;0.00;0.00;0;0.00;0.00;0.00;0.00;0.00000000;0.00;0.00;0.00000000;0.00000000;0.00000000;0.00;0.00;0;0.00000000;0.00000000;0.00;0.00;0.00000000;0.00;0.00;0.00000000;0.00000000;0.00000000;0.00;0.00;0;0.00000000;0.00000000
2023-07-14;PFE;US7170811035;Pfizer Inc.;Pfizer Inc.;Акции иностранного эмитента обыкновенные;Out of list;USD;USD;0.05000000;USD;;Y;T1T2;Режим торгов адресное репо;;;;;;;;;;;;;;;;;;;;0.00;0.00;0.00;0.00;0.00;0.00;0.00;0.00;0.00;0.00;0;0.00;0.00;0.00;0.00;0.00000000;0.00;0.00;0.00000000;0.00000000;0.00000000;0.00;0.00;0;0.00000000;0.00000000;0.00;0.00;0.00000000;0.00;0.00;0.00000000;0.00000000;0.00000000;0.00;0.00;0;0.00000000;0.00000000
2023-07-14;ABBV;US00287Y1091;AbbVie Inc.;AbbVie Inc.;Акции иностранного эмитента обыкновенные;Out of list;USD;USD;0.01000000;USD;;Y;T1T2;Режим торгов адресное репо;;;;;;;;;;;;;;;;;;;;0.00;0.00;0.00;0.00;0.00;0.00;0.00;0.00;0.00;0.00;0;0.00;0.00;0.00;0.00;0.00000000;0.00;0.00;0.00000000;0.00000000;0.00000000;0.00;0.00;0;0.00000000;0.00000000;0.00;0.00;0.00000000;0.00;0.00;0.00000000;0.00000000;0.00000000;0.00;0.00;0;0.00000000;0.00000000
2023-07-14;GILD;US3755581036;GILEAD SCIENCES, INC.;GILEAD SCIENCES, INC.;Акции иностранного эмитента обыкновенные;Out of list;USD;USD;0.00100000;USD;;Y;T1T2;Режим торгов адресное репо;;;;;;;;;;;;;;;;;;;;0.00;0.00;0.00;0.00;0.00;0.00;0.00;0.00;0.00;0.00;0;0.00;0.00;0.00;0.00;0.00000000;0.00;0.00;0.00000000;0.00000000;0.00000000;0.00;0.00;0;0.00000000;0.00000000;0.00;0.00;0.00000000;0.00;0.00;0.00000000;0.00000000;0.00000000;0.00;0.00;0;0.00000000;0.00000000
2023-07-14;PG;US7427181091;The Procter & Gamble Company;The Procter & Gamble Company;Акции иностранного эмитента обыкновенные;Out of list;USD;USD;0.00000000;USD;;Y;T0T2;Режим торгов адресное репо;;;;;;;;;;;;;;;;;;;;0.00;0.00;0.00;0.00;0.00;0.00;0.00;0.00;0.00;0.00;0;0.00;0.00;0.00;0.00;0.00000000;0.00;0.00;0.00000000;0.00000000;0.00000000;0.00;0.00;0;0.00000000;0.00000000;0.00;0.00;0.00000000;0.00;0.00;0.00000000;0.00000000;0.00000000;0.00;0.00;0;0.00000000;0.00000000
2023-07-14;GLTR@GR;US37949E2046;Globaltrans Investment PLC, GDR RUB;Citibank, N.A.;;Out of list;RUB;RUB;0.00000000;RUB;;Y;T0T1;Режим торгов адресное репо;;;;;;;;;;;;;;;;;;;;0.00;0.00;0.00;0.00;0.00;0.00;0.00;0.00;0.00;0.00;0;0.00;0.00;0.00;0.00;0.00000000;0.00;0.00;0.00000000;0.00000000;0.00000000;0.00;0.00;0;0.00000000;0.00000000;0.00;0.00;0.00000000;0.00;0.00;0.00000000;0.00000000;0.00000000;0.00;0.00;0;0.00000000;0.00000000
2023-07-14;EBAY;US2786421030;eBay Inc.;eBay Inc.;Акции иностранного эмитента обыкновенные;Out of list;USD;USD;0.00100000;USD;;Y;T0T2;Режим торгов адресное репо;;;;;;;;;;;;;;;;;;;;0.00;0.00;0.00;0.00;0.00;0.00;0.00;0.00;0.00;0.00;0;0.00;0.00;0.00;0.00;0.00000000;0.00;0.00;0.00000000;0.00000000;0.00000000;0.00;0.00;0;0.00000000;0.00000000;0.00;0.00;0.00000000;0.00;0.00;0.00000000;0.00000000;0.00000000;0.00;0.00;0;0.00000000;0.00000000
2023-07-14;GOOG;US02079K1079;Alphabet Inc. Class C;Alphabet Inc.;Акции иностранного эмитента обыкновенные класса C;Out of list;USD;USD;0.00100000;USD;;Y;T0T2;Режим торгов адресное репо;;;;;;;;;;;;;;;;;;;;0.00;0.00;0.00;0.00;0.00;0.00;0.00;0.00;0.00;0.00;0;0.00;0.00;0.00;0.00;0.00000000;0.00;0.00;0.00000000;0.00000000;0.00000000;0.00;0.00;0;0.00000000;0.00000000;0.00;0.00;0.00000000;0.00;0.00;0.00000000;0.00000000;0.00000000;0.00;0.00;0;0.00000000;0.00000000
2023-07-14;NRG;US6293775085;NRG Energy, Inc.;NRG Energy, Inc.;Акции иностранного эмитента обыкновенные;Out of list;USD;USD;0.01000000;USD;;Y;T0T2;Режим торгов адресное репо;;;;;;;;;;;;;;;;;;;;0.00;0.00;0.00;0.00;0.00;0.00;0.00;0.00;0.00;0.00;0;0.00;0.00;0.00;0.00;0.00000000;0.00;0.00;0.00000000;0.00000000;0.00000000;0.00;0.00;0;0.00000000;0.00000000;0.00;0.00;0.00000000;0.00;0.00;0.00000000;0.00000000;0.00000000;0.00;0.00;0;0.00000000;0.00000000
2023-07-14;EXC;US30161N1019;Exelon Corporation;Exelon Corporation;Акции иностранного эмитента обыкновенные;Out of list;USD;USD;0.00000000;USD;;Y;T0T2;Режим торгов адресное репо;;;;;;;;;;;;;;;;;;;;0.00;0.00;0.00;0.00;0.00;0.00;0.00;0.00;0.00;0.00;0;0.00;0.00;0.00;0.00;0.00000000;0.00;0.00;0.00000000;0.00000000;0.00000000;0.00;0.00;0;0.00000000;0.00000000;0.00;0.00;0.00000000;0.00;0.00;0.00000000;0.00000000;0.00000000;0.00;0.00;0;0.00000000;0.00000000
2023-07-14;VZ;US92343V1044;Verizon Communications Inc.;Verizon Communications Inc.;Акции иностранного эмитента обыкновенные;Out of list;USD;USD;0.10000000;USD;;Y;T0T2;Режим торгов адресное репо;;;;;;;;;;;;;;;;;;;;0.00;0.00;0.00;0.00;0.00;0.00;0.00;0.00;0.00;0.00;0;0.00;0.00;0.00;0.00;0.00000000;0.00;0.00;0.00000000;0.00000000;0.00000000;0.00;0.00;0;0.00000000;0.00000000;0.00;0.00;0.00000000;0.00;0.00;0.00000000;0.00000000;0.00000000;0.00;0.00;0;0.00000000;0.00000000
2023-07-14;T;US00206R1023;AT&T INC.;AT&T INC.;Акции иностранного эмитента обыкновенные;Out of list;USD;USD;1.00000000;USD;;Y;T0T2;Режим торгов адресное репо;;;;;;;;;;;;;;;;;;;;0.00;0.00;0.00;0.00;0.00;0.00;0.00;0.00;0.00;0.00;0;0.00;0.00;0.00;0.00;0.00000000;0.00;0.00;0.00000000;0.00000000;0.00000000;0.00;0.00;0;0.00000000;0.00000000;0.00;0.00;0.00000000;0.00;0.00;0.00000000;0.00000000;0.00000000;0.00;0.00;0;0.00000000;0.00000000
2023-07-14;CVX;US1667641005;Chevron Corporation;Chevron Corporation;Акции иностранного эмитента обыкновенные;Out of list;USD;USD;0.75000000;USD;;Y;T0T2;Режим торгов адресное репо;;;;;;;;;;;;;;;;;;;;0.00;0.00;0.00;0.00;0.00;0.00;0.00;0.00;0.00;0.00;0;0.00;0.00;0.00;0.00;0.00000000;0.00;0.00;0.00000000;0.00000000;0.00000000;0.00;0.00;0;0.00000000;0.00000000;0.00;0.00;0.00000000;0.00;0.00;0.00000000;0.00000000;0.00000000;0.00;0.00;0;0.00000000;0.00000000
2023-07-14;XOM;US30231G1022;Exxon Mobil Corporation;Exxon Mobil Corporation;Акции иностранного эмитента обыкновенные;Out of list;USD;USD;0.00000000;USD;;Y;T0T2;Режим торгов адресное репо;;;;;;;;;;;;;;;;;;;;0.00;0.00;0.00;0.00;0.00;0.00;0.00;0.00;0.00;0.00;0;0.00;0.00;0.00;0.00;0.00000000;0.00;0.00;0.00000000;0.00000000;0.00000000;0.00;0.00;0;0.00000000;0.00000000;0.00;0.00;0.00000000;0.00;0.00;0.00000000;0.00000000;0.00000000;0.00;0.00;0;0.00000000;0.00000000
2023-07-14;VLO;US91913Y1001;Valero Energy Corporation;Valero Energy Corporation;Акции иностранного эмитента обыкновенные;Out of list;USD;USD;0.01000000;USD;;Y;T0T2;Режим торгов адресное репо;;;;;;;;;;;;;;;;;;;;0.00;0.00;0.00;0.00;0.00;0.00;0.00;0.00;0.00;0.00;0;0.00;0.00;0.00;0.00;0.00000000;0.00;0.00;0.00000000;0.00000000;0.00000000;0.00;0.00;0;0.00000000;0.00000000;0.00;0.00;0.00000000;0.00;0.00;0.00000000;0.00000000;0.00000000;0.00;0.00;0;0.00000000;0.00000000
2023-07-14;FSLR;US3364331070;First Solar, Inc.;First Solar, Inc.;Акции иностранного эмитента обыкновенные;Out of list;USD;USD;0.00100000;USD;;Y;T0T2;Режим торгов адресное репо;;;;;;;;;;;;;;;;;;;;0.00;0.00;0.00;0.00;0.00;0.00;0.00;0.00;0.00;0.00;0;0.00;0.00;0.00;0.00;0.00000000;0.00;0.00;0.00000000;0.00000000;0.00000000;0.00;0.00;0;0.00000000;0.00000000;0.00;0.00;0.00000000;0.00;0.00;0.00000000;0.00000000;0.00000000;0.00;0.00;0;0.00000000;0.00000000
2023-07-14;MCD;US5801351017;McDonald's Corporation;McDonald's Corporation;Акции иностранного эмитента обыкновенные;Out of list;USD;USD;0.01000000;USD;;Y;T0T2;Режим торгов адресное репо;;;;;;;;;;;;;;;;;;;;0.00;0.00;0.00;0.00;0.00;0.00;0.00;0.00;0.00;0.00;0;0.00;0.00;0.00;0.00;0.00000000;0.00;0.00;0.00000000;0.00000000;0.00000000;0.00;0.00;0;0.00000000;0.00000000;0.00;0.00;0.00000000;0.00;0.00;0.00000000;0.00000000;0.00000000;0.00;0.00;0;0.00000000;0.00000000
2023-07-14;SBUX;US8552441094;Starbucks Corporation;Starbucks Corporation;Акции иностранного эмитента обыкновенные;Out of list;USD;USD;0.00100000;USD;;Y;T0T2;Режим торгов адресное репо;;;;;;;;;;;;;;;;;;;;0.00;0.00;0.00;0.00;0.00;0.00;0.00;0.00;0.00;0.00;0;0.00;0.00;0.00;0.00;0.00000000;0.00;0.00;0.00000000;0.00000000;0.00000000;0.00;0.00;0;0.00000000;0.00000000;0.00;0.00;0.00000000;0.00;0.00;0.00000000;0.00000000;0.00000000;0.00;0.00;0;0.00000000;0.00000000
2023-07-14;DIS;US2546871060;The Walt Disney Company;The Walt Disney Company;Акции иностранного эмитента обыкновенные;Out of list;USD;USD;0.01000000;USD;;Y;T0T2;Режим торгов адресное репо;;;;;;;;;;;;;;;;;;;;0.00;0.00;0.00;0.00;0.00;0.00;0.00;0.00;0.00;0.00;0;0.00;0.00;0.00;0.00;0.00000000;0.00;0.00;0.00000000;0.00000000;0.00000000;0.00;0.00;0;0.00000000;0.00000000;0.00;0.00;0.00000000;0.00;0.00;0.00000000;0.00000000;0.00000000;0.00;0.00;0;0.00000000;0.00000000
2023-07-14;F;US3453708600;Ford Motor Company;Ford Motor Company;Акции иностранного эмитента обыкновенные;Out of list;USD;USD;0.01000000;USD;;Y;T0T2;Режим торгов адресное репо;;;;;;;;;;;;;;;;;;;;0.00;0.00;0.00;0.00;0.00;0.00;0.00;0.00;0.00;0.00;0;0.00;0.00;0.00;0.00;0.00000000;0.00;0.00;0.00000000;0.00000000;0.00000000;0.00;0.00;0;0.00000000;0.00000000;0.00;0.00;0.00000000;0.00;0.00;0.00000000;0.00000000;0.00000000;0.00;0.00;0;0.00000000;0.00000000
2023-07-14;WMT;US9311421039;Walmart Inc.;Walmart Inc.;Акции иностранного эмитента обыкновенные;Out of list;USD;USD;0.10000000;USD;;Y;T0T2;Режим торгов адресное репо;;;;;;;;;;;;;;;;;;;;0.00;0.00;0.00;0.00;0.00;0.00;0.00;0.00;0.00;0.00;0;0.00;0.00;0.00;0.00;0.00000000;0.00;0.00;0.00000000;0.00000000;0.00000000;0.00;0.00;0;0.00000000;0.00000000;0.00;0.00;0.00000000;0.00;0.00;0.00000000;0.00000000;0.00000000;0.00;0.00;0;0.00000000;0.00000000
2023-07-14;KO;US1912161007;THE COCA-COLA COMPANY;THE COCA-COLA COMPANY;Акции иностранного эмитента обыкновенные;Out of list;USD;USD;0.25000000;USD;;Y;T0T2;Режим торгов адресное репо;;;;;;;;;;;;;;;;;;;;0.00;0.00;0.00;0.00;0.00;0.00;0.00;0.00;0.00;0.00;0;0.00;0.00;0.00;0.00;0.00000000;0.00;0.00;0.00000000;0.00000000;0.00000000;0.00;0.00;0;0.00000000;0.00000000;0.00;0.00;0.00000000;0.00;0.00;0.00000000;0.00000000;0.00000000;0.00;0.00;0;0.00000000;0.00000000
2023-07-14;PM;US7181721090;Philip Morris International Inc.;Philip Morris International Inc.;Акции иностранного эмитента обыкновенные;Out of list;USD;USD;0.00000000;USD;;Y;T0T2;Режим торгов адресное репо;;;;;;;;;;;;;;;;;;;;0.00;0.00;0.00;0.00;0.00;0.00;0.00;0.00;0.00;0.00;0;0.00;0.00;0.00;0.00;0.00000000;0.00;0.00;0.00000000;0.00000000;0.00000000;0.00;0.00;0;0.00000000;0.00000000;0.00;0.00;0.00000000;0.00;0.00;0.00000000;0.00000000;0.00000000;0.00;0.00;0;0.00000000;0.00000000
2023-07-14;CAT;US1491231015;Caterpillar Inc.;Caterpillar Inc.;Акции иностранного эмитента обыкновенные;Out of list;USD;USD;1.00000000;USD;;Y;T0T2;Режим торгов адресное репо;;;;;;;;;;;;;;;;;;;;0.00;0.00;0.00;0.00;0.00;0.00;0.00;0.00;0.00;0.00;0;0.00;0.00;0.00;0.00;0.00000000;0.00;0.00;0.00000000;0.00000000;0.00000000;0.00;0.00;0;0.00000000;0.00000000;0.00;0.00;0.00000000;0.00;0.00;0.00000000;0.00000000;0.00000000;0.00;0.00;0;0.00000000;0.00000000
2023-07-14;BA;US0970231058;THE BOEING COMPANY;THE BOEING COMPANY;Акции иностранного эмитента обыкновенные;Out of list;USD;USD;5.00000000;USD;;Y;T0T2;Режим торгов адресное репо;;;;;;;;;;;;;;;;;;;;0.00;0.00;0.00;0.00;0.00;0.00;0.00;0.00;0.00;0.00;0;0.00;0.00;0.00;0.00;0.00000000;0.00;0.00;0.00000000;0.00000000;0.00000000;0.00;0.00;0;0.00000000;0.00000000;0.00;0.00;0.00000000;0.00;0.00;0.00000000;0.00000000;0.00000000;0.00;0.00;0;0.00000000;0.00000000
2023-07-14;DAL;US2473617023;Delta Air Lines, Inc.;Delta Air Lines, Inc.;Акции иностранного эмитента обыкновенные;Out of list;USD;USD;0.00010000;USD;;Y;T0T2;Режим торгов адресное репо;;;;;;;;;;;;;;;;;;;;0.00;0.00;0.00;0.00;0.00;0.00;0.00;0.00;0.00;0.00;0;0.00;0.00;0.00;0.00;0.00000000;0.00;0.00;0.00000000;0.00000000;0.00000000;0.00;0.00;0;0.00000000;0.00000000;0.00;0.00;0.00000000;0.00;0.00;0.00000000;0.00000000;0.00000000;0.00;0.00;0;0.00000000;0.00000000
2023-07-14;NEM;US6516391066;Newmont Corporation;Newmont Corporation;Акции иностранного эмитента обыкновенные;Out of list;USD;USD;1.60000000;USD;;Y;T0T2;Режим торгов адресное репо;;;;;;;;;;;;;;;;;;;;0.00;0.00;0.00;0.00;0.00;0.00;0.00;0.00;0.00;0.00;0;0.00;0.00;0.00;0.00;0.00000000;0.00;0.00;0.00000000;0.00000000;0.00000000;0.00;0.00;0;0.00000000;0.00000000;0.00;0.00;0.00000000;0.00;0.00;0.00000000;0.00000000;0.00000000;0.00;0.00;0;0.00000000;0.00000000
2023-07-14;BAC;US0605051046;Bank of America Corporation;Bank of America Corporation;Акции иностранного эмитента обыкновенные;Out of list;USD;USD;0.01000000;USD;;Y;T0T2;Режим торгов адресное репо;;;;;;;;;;;;;;;;;;;;0.00;0.00;0.00;0.00;0.00;0.00;0.00;0.00;0.00;0.00;0;0.00;0.00;0.00;0.00;0.00000000;0.00;0.00;0.00000000;0.00000000;0.00000000;0.00;0.00;0;0.00000000;0.00000000;0.00;0.00;0.00000000;0.00;0.00;0.00000000;0.00000000;0.00000000;0.00;0.00;0;0.00000000;0.00000000
2023-07-14;MET;US59156R1086;MetLife, Inc.;MetLife, Inc.;Акции иностранного эмитента обыкновенные;Out of list;USD;USD;0.01000000;USD;;Y;T0T2;Режим торгов адресное репо;;;;;;;;;;;;;;;;;;;;0.00;0.00;0.00;0.00;0.00;0.00;0.00;0.00;0.00;0.00;0;0.00;0.00;0.00;0.00;0.00000000;0.00;0.00;0.00000000;0.00000000;0.00000000;0.00;0.00;0;0.00000000;0.00000000;0.00;0.00;0.00000000;0.00;0.00;0.00000000;0.00000000;0.00000000;0.00;0.00;0;0.00000000;0.00000000
2023-07-14;MS;US6174464486;Morgan Stanley;Morgan Stanley;Акции иностранного эмитента обыкновенные;Out of list;USD;USD;0.01000000;USD;;Y;T0T2;Режим торгов адресное репо;;;;;;;;;;;;;;;;;;;;0.00;0.00;0.00;0.00;0.00;0.00;0.00;0.00;0.00;0.00;0;0.00;0.00;0.00;0.00;0.00000000;0.00;0.00;0.00000000;0.00000000;0.00000000;0.00;0.00;0;0.00000000;0.00000000;0.00;0.00;0.00000000;0.00;0.00;0.00000000;0.00000000;0.00000000;0.00;0.00;0;0.00000000;0.00000000
2023-07-14;CME;US12572Q1058;CME GROUP INC.;CME GROUP INC.;Акции иностранного эмитента обыкновенные класса A;Out of list;USD;USD;0.01000000;USD;;Y;T0T2;Режим торгов адресное репо;;;;;;;;;;;;;;;;;;;;0.00;0.00;0.00;0.00;0.00;0.00;0.00;0.00;0.00;0.00;0;0.00;0.00;0.00;0.00;0.00000000;0.00;0.00;0.00000000;0.00000000;0.00000000;0.00;0.00;0;0.00000000;0.00000000;0.00;0.00;0.00000000;0.00;0.00;0.00000000;0.00000000;0.00000000;0.00;0.00;0;0.00000000;0.00000000
2023-07-14;V;US92826C8394;Visa Inc.;Visa Inc.;Акции иностранного эмитента обыкновенные класса A;Out of list;USD;USD;0.00010000;USD;;Y;T0T2;Режим торгов адресное репо;;;;;;;;;;;;;;;;;;;;0.00;0.00;0.00;0.00;0.00;0.00;0.00;0.00;0.00;0.00;0;0.00;0.00;0.00;0.00;0.00000000;0.00;0.00;0.00000000;0.00000000;0.00000000;0.00;0.00;0;0.00000000;0.00000000;0.00;0.00;0.00000000;0.00;0.00;0.00000000;0.00000000;0.00000000;0.00;0.00;0;0.00000000;0.00000000
2023-07-14;NFLX;US64110L1061;Netflix, Inc.;Netflix, Inc.;Акции иностранного эмитента обыкновенные;Out of list;USD;USD;0.00100000;USD;;Y;T0T2;Режим торгов адресное репо;;;;;;;;;;;;;;;;;;;;0.00;0.00;0.00;0.00;0.00;0.00;0.00;0.00;0.00;0.00;0;0.00;0.00;0.00;0.00;0.00000000;0.00;0.00;0.00000000;0.00000000;0.00000000;0.00;0.00;0;0.00000000;0.00000000;0.00;0.00;0.00000000;0.00;0.00;0.00000000;0.00000000;0.00000000;0.00;0.00;0;0.00000000;0.00000000
2023-07-14;IBM;US4592001014;INTERNATIONAL BUSINESS MACHINES CORPORATION;INTERNATIONAL BUSINESS MACHINES CORPORATION;Акции иностранного эмитента обыкновенные;Out of list;USD;USD;0.20000000;USD;;Y;T0T2;Режим торгов адресное репо;;;;;;;;;;;;;;;;;;;;0.00;0.00;0.00;0.00;0.00;0.00;0.00;0.00;0.00;0.00;0;0.00;0.00;0.00;0.00;0.00000000;0.00;0.00;0.00000000;0.00000000;0.00000000;0.00;0.00;0;0.00000000;0.00000000;0.00;0.00;0.00000000;0.00;0.00;0.00000000;0.00000000;0.00000000;0.00;0.00;0;0.00000000;0.00000000
2023-07-14;QCOM;US7475251036;QUALCOMM Incorporated;QUALCOMM Incorporated;Акции иностранного эмитента обыкновенные;Out of list;USD;USD;0.00010000;USD;;Y;T0T2;Режим торгов адресное репо;;;;;;;;;;;;;;;;;;;;0.00;0.00;0.00;0.00;0.00;0.00;0.00;0.00;0.00;0.00;0;0.00;0.00;0.00;0.00;0.00000000;0.00;0.00;0.00000000;0.00000000;0.00000000;0.00;0.00;0;0.00000000;0.00000000;0.00;0.00;0.00000000;0.00;0.00;0.00000000;0.00000000;0.00000000;0.00;0.00;0;0.00000000;0.00000000
2023-07-14;MU;US5951121038;Micron Technology, Inc.;Micron Technology, Inc.;Акции иностранного эмитента обыкновенные;Out of list;USD;USD;0.10000000;USD;;Y;T0T2;Режим торгов адресное репо;;;;;;;;;;;;;;;;;;;;0.00;0.00;0.00;0.00;0.00;0.00;0.00;0.00;0.00;0.00;0;0.00;0.00;0.00;0.00;0.00000000;0.00;0.00;0.00000000;0.00000000;0.00000000;0.00;0.00;0;0.00000000;0.00000000;0.00;0.00;0.00000000;0.00;0.00;0.00000000;0.00000000;0.00000000;0.00;0.00;0;0.00000000;0.00000000
2023-07-14;MSFT;US5949181045;Microsoft Corporation;Microsoft Corporation;Акции иностранного эмитента обыкновенные;Out of list;USD;USD;0.00000625;USD;;Y;T0T2;Режим торгов адресное репо;;;;;;;;;;;;;;;;;;;;0.00;0.00;0.00;0.00;0.00;0.00;0.00;0.00;0.00;0.00;0;0.00;0.00;0.00;0.00;0.00000000;0.00;0.00;0.00000000;0.00000000;0.00000000;0.00;0.00;0;0.00000000;0.00000000;0.00;0.00;0.00000000;0.00;0.00;0.00000000;0.00000000;0.00000000;0.00;0.00;0;0.00000000;0.00000000
2023-07-14;INTC;US4581401001;Intel Corporation;Intel Corporation;Акции иностранного эмитента обыкновенные;Out of list;USD;USD;0.00100000;USD;;Y;T0T2;Режим торгов адресное репо;;;;;;;;;;;;;;;;;;;;0.00;0.00;0.00;0.00;0.00;0.00;0.00;0.00;0.00;0.00;0;0.00;0.00;0.00;0.00;0.00000000;0.00;0.00;0.00000000;0.00000000;0.00000000;0.00;0.00;0;0.00000000;0.00000000;0.00;0.00;0.00000000;0.00;0.00;0.00000000;0.00000000;0.00000000;0.00;0.00;0;0.00000000;0.00000000
2023-07-14;CSCO;US17275R1023;Cisco Systems, Inc.;Cisco Systems, Inc.;Акции иностранного эмитента обыкновенные;Out of list;USD;USD;0.00100000;USD;;Y;T0T2;Режим торгов адресное репо;;;;;;;;;;;;;;;;;;;;0.00;0.00;0.00;0.00;0.00;0.00;0.00;0.00;0.00;0.00;0;0.00;0.00;0.00;0.00;0.00000000;0.00;0.00;0.00000000;0.00000000;0.00000000;0.00;0.00;0;0.00000000;0.00000000;0.00;0.00;0.00000000;0.00;0.00;0.00000000;0.00000000;0.00000000;0.00;0.00;0;0.00000000;0.00000000
2023-07-14;AAPL;US0378331005;Apple Inc.;Apple Inc.;Акции иностранного эмитента обыкновенные;Out of list;USD;USD;0.00001000;USD;;Y;T0T2;Режим торгов адресное репо;;;;;;;;;;;;;;;;;;;;0.00;0.00;0.00;0.00;0.00;0.00;0.00;0.00;0.00;0.00;0;0.00;0.00;0.00;0.00;0.00000000;0.00;0.00;0.00000000;0.00000000;0.00000000;0.00;0.00;0;0.00000000;0.00000000;0.00;0.00;0.00000000;0.00;0.00;0.00000000;0.00000000;0.00000000;0.00;0.00;0;0.00000000;0.00000000
2023-07-14;JNJ;US4781601046;Johnson & Johnson;Johnson & Johnson;Акции иностранного эмитента обыкновенные;Out of list;USD;USD;1.00000000;USD;;Y;T0T2;Режим торгов адресное репо;;;;;;;;;;;;;;;;;;;;0.00;0.00;0.00;0.00;0.00;0.00;0.00;0.00;0.00;0.00;0;0.00;0.00;0.00;0.00;0.00000000;0.00;0.00;0.00000000;0.00000000;0.00000000;0.00;0.00;0;0.00000000;0.00000000;0.00;0.00;0.00000000;0.00;0.00;0.00000000;0.00000000;0.00000000;0.00;0.00;0;0.00000000;0.00000000
2023-07-14;PFE;US7170811035;Pfizer Inc.;Pfizer Inc.;Акции иностранного эмитента обыкновенные;Out of list;USD;USD;0.05000000;USD;;Y;T0T2;Режим торгов адресное репо;;;;;;;;;;;;;;;;;;;;0.00;0.00;0.00;0.00;0.00;0.00;0.00;0.00;0.00;0.00;0;0.00;0.00;0.00;0.00;0.00000000;0.00;0.00;0.00000000;0.00000000;0.00000000;0.00;0.00;0;0.00000000;0.00000000;0.00;0.00;0.00000000;0.00;0.00;0.00000000;0.00000000;0.00000000;0.00;0.00;0;0.00000000;0.00000000
2023-07-14;ABBV;US00287Y1091;AbbVie Inc.;AbbVie Inc.;Акции иностранного эмитента обыкновенные;Out of list;USD;USD;0.01000000;USD;;Y;T0T2;Режим торгов адресное репо;;;;;;;;;;;;;;;;;;;;0.00;0.00;0.00;0.00;0.00;0.00;0.00;0.00;0.00;0.00;0;0.00;0.00;0.00;0.00;0.00000000;0.00;0.00;0.00000000;0.00000000;0.00000000;0.00;0.00;0;0.00000000;0.00000000;0.00;0.00;0.00000000;0.00;0.00;0.00000000;0.00000000;0.00000000;0.00;0.00;0;0.00000000;0.00000000
2023-07-14;GILD;US3755581036;GILEAD SCIENCES, INC.;GILEAD SCIENCES, INC.;Акции иностранного эмитента обыкновенные;Out of list;USD;USD;0.00100000;USD;;Y;T0T2;Режим торгов адресное репо;;;;;;;;;;;;;;;;;;;;0.00;0.00;0.00;0.00;0.00;0.00;0.00;0.00;0.00;0.00;0;0.00;0.00;0.00;0.00;0.00000000;0.00;0.00;0.00000000;0.00000000;0.00000000;0.00;0.00;0;0.00000000;0.00000000;0.00;0.00;0.00000000;0.00;0.00;0.00000000;0.00000000;0.00000000;0.00;0.00;0;0.00000000;0.00000000
2023-07-14;BABA;US01609W1027;Alibaba Group Holding Limited ADR;Citibank, N.A.;Депозитарные расписки иностранного эмитента на акции обыкновенные;Out of list;USD;USD;0.00000000;USD;;Y;T0;Режим переговорных сделок;;;;;;;;;;;;;;;;;;;;0.00;0.00;0.00;0.00;0.00;0.00;0.00;0.00;0.00;0.00;0;0.00;0.00;0.00;0.00;0.00000000;0.00;0.00;0.00000000;0.00000000;0.00000000;0.00;0.00;0;0.00000000;0.00000000;0.00;0.00;0.00000000;0.00;0.00;0.00000000;0.00000000;0.00000000;0.00;0.00;0;0.00000000;0.00000000
2023-07-14;BABA;US01609W1027;Alibaba Group Holding Limited ADR;Citibank, N.A.;Депозитарные расписки иностранного эмитента на акции обыкновенные;Out of list;USD;USD;0.00000000;USD;;Y;T1;Режим переговорных сделок;;;;;;;;;;;;;;;;;;;;0.00;0.00;0.00;0.00;0.00;0.00;0.00;0.00;0.00;0.00;0;0.00;0.00;0.00;0.00;0.00000000;0.00;0.00;0.00000000;0.00000000;0.00000000;0.00;0.00;0;0.00000000;0.00000000;0.00;0.00;0.00000000;0.00;0.00;0.00000000;0.00000000;0.00000000;0.00;0.00;0;0.00000000;0.00000000
2023-07-14;BABA;US01609W1027;Alibaba Group Holding Limited ADR;Citibank, N.A.;Депозитарные расписки иностранного эмитента на акции обыкновенные;Out of list;USD;USD;0.00000000;USD;;Y;T2;Режим переговорных сделок;;;;;;;;;;;;;;;;;;;;0.00;0.00;0.00;0.00;0.00;0.00;0.00;0.00;0.00;0.00;0;0.00;0.00;0.00;0.00;0.00000000;0.00;0.00;0.00000000;0.00000000;0.00000000;0.00;0.00;0;0.00000000;0.00000000;0.00;0.00;0.00000000;0.00;0.00;0.00000000;0.00000000;0.00000000;0.00;0.00;0;0.00000000;0.00000000
2023-07-14;BABA;US01609W1027;Alibaba Group Holding Limited ADR;Citibank, N.A.;Депозитарные расписки иностранного эмитента на акции обыкновенные;Out of list;USD;USD;0.00000000;USD;;Y;T0T1;Режим торгов адресное репо;;;;;;;;;;;;;;;;;;;;0.00;0.00;0.00;0.00;0.00;0.00;0.00;0.00;0.00;0.00;0;0.00;0.00;14245.50;150.00;94.97000000;954.10;10.00;95.41000000;15.50000000;-16.00000000;672756.54;7062.00;150;2.10000000;0.00000000;964.50;10.00;-9.00000000;2989.95;31.00;6.82000000;10.00000000;-10.00000000;8164795.13;84653.00;384;5.61000000;0.00000000
2023-07-14;BABA;US01609W1027;Alibaba Group Holding Limited ADR;Citibank, N.A.;Депозитарные расписки иностранного эмитента на акции обыкновенные;Out of list;USD;USD;0.00000000;USD;;Y;T0T2;Режим торгов адресное репо;;;;;;;;;;;;;;;;;;;;0.00;0.00;0.00;0.00;0.00;0.00;0.00;0.00;0.00;0.00;0;0.00;0.00;0.00;0.00;0.00000000;0.00;0.00;0.00000000;0.00000000;0.00000000;0.00;0.00;0;0.00000000;0.00000000;0.00;0.00;0.00000000;0.00;0.00;0.00000000;0.00000000;0.00000000;0.00;0.00;0;0.00000000;0.00000000
2023-07-14;BABA;US01609W1027;Alibaba Group Holding Limited ADR;Citibank, N.A.;Депозитарные расписки иностранного эмитента на акции обыкновенные;Out of list;USD;USD;0.00000000;USD;;Y;T1T2;Режим торгов адресное репо;;;;;;;;;;;;;;;;;;;;0.00;0.00;0.00;0.00;0.00;0.00;0.00;0.00;0.00;0.00;0;0.00;0.00;0.00;0.00;0.00000000;0.00;0.00;0.00000000;0.00000000;0.00000000;0.00;0.00;0;0.00000000;0.00000000;0.00;0.00;0.00000000;0.00;0.00;0.00000000;0.00000000;0.00000000;0.00;0.00;0;0.00000000;0.00000000
2023-07-14;PYPL;US70450Y1038;PayPal Holdings, Inc.;PayPal Holdings, Inc.;Акции иностранного эмитента обыкновенные;Out of list;USD;USD;0.00010000;USD;;Y;T0;Режим переговорных сделок;;;;;;;;;;;;;;;;;;;;0.00;0.00;0.00;0.00;0.00;0.00;0.00;0.00;0.00;0.00;0;0.00;0.00;0.00;0.00;0.00000000;0.00;0.00;0.00000000;0.00000000;0.00000000;0.00;0.00;0;0.00000000;0.00000000;0.00;0.00;0.00000000;0.00;0.00;0.00000000;0.00000000;0.00000000;0.00;0.00;0;0.00000000;0.00000000
2023-07-14;PYPL;US70450Y1038;PayPal Holdings, Inc.;PayPal Holdings, Inc.;Акции иностранного эмитента обыкновенные;Out of list;USD;USD;0.00010000;USD;;Y;T1;Режим переговорных сделок;;;;;;;;;;;;;;;;;;;;0.00;0.00;0.00;0.00;0.00;0.00;0.00;0.00;0.00;0.00;0;0.00;0.00;0.00;0.00;0.00000000;0.00;0.00;0.00000000;0.00000000;0.00000000;0.00;0.00;0;0.00000000;0.00000000;0.00;0.00;0.00000000;0.00;0.00;0.00000000;0.00000000;0.00000000;0.00;0.00;0;0.00000000;0.00000000
2023-07-14;PYPL;US70450Y1038;PayPal Holdings, Inc.;PayPal Holdings, Inc.;Акции иностранного эмитента обыкновенные;Out of list;USD;USD;0.00010000;USD;;Y;T2;Режим переговорных сделок;;;;;;;;;;;;;;;;;;;;0.00;0.00;0.00;0.00;0.00;0.00;0.00;0.00;0.00;0.00;0;0.00;0.00;0.00;0.00;0.00000000;0.00;0.00;0.00000000;0.00000000;0.00000000;0.00;0.00;0;0.00000000;0.00000000;0.00;0.00;0.00000000;0.00;0.00;0.00000000;0.00000000;0.00000000;0.00;0.00;0;0.00000000;0.00000000
2023-07-14;PYPL;US70450Y1038;PayPal Holdings, Inc.;PayPal Holdings, Inc.;Акции иностранного эмитента обыкновенные;Out of list;USD;USD;0.00010000;USD;;Y;T0T1;Режим торгов адресное репо;;;;;;;;;;;;;;;;;;;;0.00;0.00;0.00;0.00;0.00;0.00;0.00;0.00;0.00;0.00;0;0.00;0.00;217.02;3.00;72.34000000;10713.72;148.00;72.39000000;0.00000000;-9.00000000;10930.74;151.00;2;-0.18000000;0.00000000;289.36;4.00;-10.00000000;72.34;1.00;1.00000000;10.00000000;-10.00000000;32061.98;443.00;19;6.50000000;0.00000000
2023-07-14;PYPL;US70450Y1038;PayPal Holdings, Inc.;PayPal Holdings, Inc.;Акции иностранного эмитента обыкновенные;Out of list;USD;USD;0.00010000;USD;;Y;T0T2;Режим торгов адресное репо;;;;;;;;;;;;;;;;;;;;0.00;0.00;0.00;0.00;0.00;0.00;0.00;0.00;0.00;0.00;0;0.00;0.00;0.00;0.00;0.00000000;0.00;0.00;0.00000000;0.00000000;0.00000000;0.00;0.00;0;0.00000000;0.00000000;0.00;0.00;0.00000000;0.00;0.00;0.00000000;0.00000000;0.00000000;0.00;0.00;0;0.00000000;0.00000000
2023-07-14;PYPL;US70450Y1038;PayPal Holdings, Inc.;PayPal Holdings, Inc.;Акции иностранного эмитента обыкновенные;Out of list;USD;USD;0.00010000;USD;;Y;T1T2;Режим торгов адресное репо;;;;;;;;;;;;;;;;;;;;0.00;0.00;0.00;0.00;0.00;0.00;0.00;0.00;0.00;0.00;0;0.00;0.00;0.00;0.00;0.00000000;0.00;0.00;0.00000000;0.00000000;0.00000000;0.00;0.00;0;0.00000000;0.00000000;0.00;0.00;0.00000000;0.00;0.00;0.00000000;0.00000000;0.00000000;0.00;0.00;0;0.00000000;0.00000000
2023-07-14;BIDU;US0567521085;Baidu, Inc.;The Bank of New York Mellon;Депозитарные расписки иностранного эмитента на акции обыкновенные класса A;Out of list;USD;USD;0.00000000;USD;;Y;T0;Режим переговорных сделок;;;;;;;;;;;;;;;;;;;;0.00;0.00;0.00;0.00;0.00;0.00;0.00;0.00;0.00;0.00;0;0.00;0.00;0.00;0.00;0.00000000;0.00;0.00;0.00000000;0.00000000;0.00000000;0.00;0.00;0;0.00000000;0.00000000;0.00;0.00;0.00000000;0.00;0.00;0.00000000;0.00000000;0.00000000;0.00;0.00;0;0.00000000;0.00000000
2023-07-14;BIDU;US0567521085;Baidu, Inc.;The Bank of New York Mellon;Депозитарные расписки иностранного эмитента на акции обыкновенные класса A;Out of list;USD;USD;0.00000000;USD;;Y;T1;Режим переговорных сделок;;;;;;;;;;;;;;;;;;;;0.00;0.00;0.00;0.00;0.00;0.00;0.00;0.00;0.00;0.00;0;0.00;0.00;0.00;0.00;0.00000000;0.00;0.00;0.00000000;0.00000000;0.00000000;0.00;0.00;0;0.00000000;0.00000000;0.00;0.00;0.00000000;0.00;0.00;0.00000000;0.00000000;0.00000000;0.00;0.00;0;0.00000000;0.00000000
2023-07-14;BIDU;US0567521085;Baidu, Inc.;The Bank of New York Mellon;Депозитарные расписки иностранного эмитента на акции обыкновенные класса A;Out of list;USD;USD;0.00000000;USD;;Y;T2;Режим переговорных сделок;;;;;;;;;;;;;;;;;;;;0.00;0.00;0.00;0.00;0.00;0.00;0.00;0.00;0.00;0.00;0;0.00;0.00;0.00;0.00;0.00000000;0.00;0.00;0.00000000;0.00000000;0.00000000;0.00;0.00;0;0.00000000;0.00000000;0.00;0.00;0.00000000;0.00;0.00;0.00000000;0.00000000;0.00000000;0.00;0.00;0;0.00000000;0.00000000
2023-07-14;BIDU;US0567521085;Baidu, Inc.;The Bank of New York Mellon;Депозитарные расписки иностранного эмитента на акции обыкновенные класса A;Out of list;USD;USD;0.00000000;USD;;Y;T0T1;Режим торгов адресное репо;;;;;;;;;;;;;;;;;;;;0.00;0.00;0.00;0.00;0.00;0.00;0.00;0.00;0.00;0.00;0;0.00;0.00;3017.20;20.00;150.86000000;150.59;1.00;150.59000000;15.50000000;-16.00000000;155543.82;1037.00;42;-2.12000000;0.00000000;151.80;1.00;-10.00000000;151.80;1.00;10.00000000;10.00000000;-10.00000000;642715.93;4234.00;131;6.95000000;0.00000000
2023-07-14;BIDU;US0567521085;Baidu, Inc.;The Bank of New York Mellon;Депозитарные расписки иностранного эмитента на акции обыкновенные класса A;Out of list;USD;USD;0.00000000;USD;;Y;T1T2;Режим торгов адресное репо;;;;;;;;;;;;;;;;;;;;0.00;0.00;0.00;0.00;0.00;0.00;0.00;0.00;0.00;0.00;0;0.00;0.00;0.00;0.00;0.00000000;0.00;0.00;0.00000000;0.00000000;0.00000000;0.00;0.00;0;0.00000000;0.00000000;0.00;0.00;0.00000000;0.00;0.00;0.00000000;0.00000000;0.00000000;0.00;0.00;0;0.00000000;0.00000000
2023-07-14;BIDU;US0567521085;Baidu, Inc.;The Bank of New York Mellon;Депозитарные расписки иностранного эмитента на акции обыкновенные класса A;Out of list;USD;USD;0.00000000;USD;;Y;T0T2;Режим торгов адресное репо;;;;;;;;;;;;;;;;;;;;0.00;0.00;0.00;0.00;0.00;0.00;0.00;0.00;0.00;0.00;0;0.00;0.00;0.00;0.00;0.00000000;0.00;0.00;0.00000000;0.00000000;0.00000000;0.00;0.00;0;0.00000000;0.00000000;0.00;0.00;0.00000000;0.00;0.00;0.00000000;0.00000000;0.00000000;0.00;0.00;0;0.00000000;0.00000000
2023-07-14;TSLA;US88160R1014;Tesla, Inc.;Tesla, Inc.;Акции иностранного эмитента обыкновенные;Out of list;USD;USD;0.00100000;USD;;Y;T0T2;Режим торгов адресное репо;;;;;;;;;;;;;;;;;;;;0.00;0.00;0.00;0.00;0.00;0.00;0.00;0.00;0.00;0.00;0;0.00;0.00;0.00;0.00;0.00000000;0.00;0.00;0.00000000;0.00000000;0.00000000;0.00;0.00;0;0.00000000;0.00000000;0.00;0.00;0.00000000;0.00;0.00;0.00000000;0.00000000;0.00000000;0.00;0.00;0;0.00000000;0.00000000
2023-07-14;TSLA;US88160R1014;Tesla, Inc.;Tesla, Inc.;Акции иностранного эмитента обыкновенные;Out of list;USD;USD;0.00100000;USD;;Y;T1T2;Режим торгов адресное репо;;;;;;;;;;;;;;;;;;;;0.00;0.00;0.00;0.00;0.00;0.00;0.00;0.00;0.00;0.00;0;0.00;0.00;0.00;0.00;0.00000000;0.00;0.00;0.00000000;0.00000000;0.00000000;0.00;0.00;0;0.00000000;0.00000000;0.00;0.00;0.00000000;0.00;0.00;0.00000000;0.00000000;0.00000000;0.00;0.00;0;0.00000000;0.00000000
2023-07-14;AMZN;US0231351067;Amazon.com, Inc.;Amazon.com, Inc.;Акции иностранного эмитента обыкновенные;Out of list;USD;USD;0.01000000;USD;;Y;T0T2;Режим торгов адресное репо;;;;;;;;;;;;;;;;;;;;0.00;0.00;0.00;0.00;0.00;0.00;0.00;0.00;0.00;0.00;0;0.00;0.00;0.00;0.00;0.00000000;0.00;0.00;0.00000000;0.00000000;0.00000000;0.00;0.00;0;0.00000000;0.00000000;0.00;0.00;0.00000000;0.00;0.00;0.00000000;0.00000000;0.00000000;0.00;0.00;0;0.00000000;0.00000000
2023-07-14;AMZN;US0231351067;Amazon.com, Inc.;Amazon.com, Inc.;Акции иностранного эмитента обыкновенные;Out of list;USD;USD;0.01000000;USD;;Y;T1T2;Режим торгов адресное репо;;;;;;;;;;;;;;;;;;;;0.00;0.00;0.00;0.00;0.00;0.00;0.00;0.00;0.00;0.00;0;0.00;0.00;0.00;0.00;0.00000000;0.00;0.00;0.00000000;0.00000000;0.00000000;0.00;0.00;0;0.00000000;0.00000000;0.00;0.00;0.00000000;0.00;0.00;0.00000000;0.00000000;0.00000000;0.00;0.00;0;0.00000000;0.00000000
2023-07-14;RACE;NL0011585146;Ferrari N.V.;Ferrari N.V.;Акции иностранного эмитента обыкновенные;Out of list;USD;EUR;0.01000000;USD;;Y;T0;Режим переговорных сделок;;;;;;;;;;;;;;;;;;;;0.00;0.00;0.00;0.00;0.00;0.00;0.00;0.00;0.00;0.00;0;0.00;0.00;0.00;0.00;0.00000000;0.00;0.00;0.00000000;0.00000000;0.00000000;0.00;0.00;0;0.00000000;0.00000000;0.00;0.00;0.00000000;0.00;0.00;0.00000000;0.00000000;0.00000000;0.00;0.00;0;0.00000000;0.00000000
2023-07-14;RACE;NL0011585146;Ferrari N.V.;Ferrari N.V.;Акции иностранного эмитента обыкновенные;Out of list;USD;EUR;0.01000000;USD;;Y;T1;Режим переговорных сделок;;;;;;;;;;;;;;;;;;;;0.00;0.00;0.00;0.00;0.00;0.00;0.00;0.00;0.00;0.00;0;0.00;0.00;0.00;0.00;0.00000000;0.00;0.00;0.00000000;0.00000000;0.00000000;0.00;0.00;0;0.00000000;0.00000000;0.00;0.00;0.00000000;0.00;0.00;0.00000000;0.00000000;0.00000000;0.00;0.00;0;0.00000000;0.00000000
2023-07-14;RACE;NL0011585146;Ferrari N.V.;Ferrari N.V.;Акции иностранного эмитента обыкновенные;Out of list;USD;EUR;0.01000000;USD;;Y;T2;Режим переговорных сделок;;;;;;;;;;;;;;;;;;;;0.00;0.00;0.00;0.00;0.00;0.00;0.00;0.00;0.00;0.00;0;0.00;0.00;0.00;0.00;0.00000000;0.00;0.00;0.00000000;0.00000000;0.00000000;0.00;0.00;0;0.00000000;0.00000000;0.00;0.00;0.00000000;0.00;0.00;0.00000000;0.00000000;0.00000000;0.00;0.00;0;0.00000000;0.00000000
2023-07-14;RACE;NL0011585146;Ferrari N.V.;Ferrari N.V.;Акции иностранного эмитента обыкновенные;Out of list;USD;EUR;0.01000000;USD;;Y;T0T1;Режим торгов адресное репо;;;;;;;;;;;;;;;;;;;;0.00;0.00;0.00;0.00;0.00;0.00;0.00;0.00;0.00;0.00;0;0.00;0.00;0.00;0.00;0.00000000;0.00;0.00;0.00000000;0.00000000;0.00000000;0.00;0.00;0;0.00000000;0.00000000;0.00;0.00;0.00000000;0.00;0.00;0.00000000;0.00000000;0.00000000;0.00;0.00;0;0.00000000;0.00000000
2023-07-14;RACE;NL0011585146;Ferrari N.V.;Ferrari N.V.;Акции иностранного эмитента обыкновенные;Out of list;USD;EUR;0.01000000;USD;;Y;T0T2;Режим торгов адресное репо;;;;;;;;;;;;;;;;;;;;0.00;0.00;0.00;0.00;0.00;0.00;0.00;0.00;0.00;0.00;0;0.00;0.00;0.00;0.00;0.00000000;0.00;0.00;0.00000000;0.00000000;0.00000000;0.00;0.00;0;0.00000000;0.00000000;0.00;0.00;0.00000000;0.00;0.00;0.00000000;0.00000000;0.00000000;0.00;0.00;0;0.00000000;0.00000000
2023-07-14;RACE;NL0011585146;Ferrari N.V.;Ferrari N.V.;Акции иностранного эмитента обыкновенные;Out of list;USD;EUR;0.01000000;USD;;Y;T1T2;Режим торгов адресное репо;;;;;;;;;;;;;;;;;;;;0.00;0.00;0.00;0.00;0.00;0.00;0.00;0.00;0.00;0.00;0;0.00;0.00;0.00;0.00;0.00000000;0.00;0.00;0.00000000;0.00000000;0.00000000;0.00;0.00;0;0.00000000;0.00000000;0.00;0.00;0.00000000;0.00;0.00;0.00000000;0.00000000;0.00000000;0.00;0.00;0;0.00000000;0.00000000
2023-07-14;BAST;KZ1C00001015;АО 'БАСТ';АО 'БАСТ';Акции иностранного эмитента обыкновенные;Out of list;RUB;KZT;1000.00000000;RUB;;Y;T0;Режим переговорных сделок;;;;;;;;;;;;;;;;;;;;0.00;0.00;0.00;0.00;0.00;0.00;0.00;0.00;0.00;0.00;0;0.00;0.00;0.00;0.00;0.00000000;0.00;0.00;0.00000000;0.00000000;0.00000000;0.00;0.00;0;0.00000000;0.00000000;0.00;0.00;0.00000000;0.00;0.00;0.00000000;0.00000000;0.00000000;0.00;0.00;0;0.00000000;0.00000000
2023-07-14;BAST;KZ1C00001015;АО 'БАСТ';АО 'БАСТ';Акции иностранного эмитента обыкновенные;Out of list;RUB;KZT;1000.00000000;RUB;;Y;T1;Режим переговорных сделок;;;;;;;;;;;;;;;;;;;;0.00;0.00;0.00;0.00;0.00;0.00;0.00;0.00;0.00;0.00;0;0.00;0.00;0.00;0.00;0.00000000;0.00;0.00;0.00000000;0.00000000;0.00000000;0.00;0.00;0;0.00000000;0.00000000;0.00;0.00;0.00000000;0.00;0.00;0.00000000;0.00000000;0.00000000;0.00;0.00;0;0.00000000;0.00000000
2023-07-14;BAST;KZ1C00001015;АО 'БАСТ';АО 'БАСТ';Акции иностранного эмитента обыкновенные;Out of list;RUB;KZT;1000.00000000;RUB;;Y;T2;Режим переговорных сделок;;;;;;;;;;;;;;;;;;;;0.00;0.00;0.00;0.00;0.00;0.00;0.00;0.00;0.00;0.00;0;0.00;0.00;0.00;0.00;0.00000000;0.00;0.00;0.00000000;0.00000000;0.00000000;0.00;0.00;0;0.00000000;0.00000000;0.00;0.00;0.00000000;0.00;0.00;0.00000000;0.00000000;0.00000000;0.00;0.00;0;0.00000000;0.00000000
2023-07-14;IBN;US45104G1040;ICICI Bank Limited;Deutsche Bank Trust Company Americas;Депозитарные расписки иностранного эмитента на акции обыкновенные;Out of list;USD;USD;0.00000000;USD;;Y;T0;Режим переговорных сделок;;;;;;;;;;;;;;;;;;;;0.00;0.00;0.00;0.00;0.00;0.00;0.00;0.00;0.00;0.00;0;0.00;0.00;0.00;0.00;0.00000000;0.00;0.00;0.00000000;0.00000000;0.00000000;0.00;0.00;0;0.00000000;0.00000000;0.00;0.00;0.00000000;0.00;0.00;0.00000000;0.00000000;0.00000000;0.00;0.00;0;0.00000000;0.00000000
2023-07-14;IBN;US45104G1040;ICICI Bank Limited;Deutsche Bank Trust Company Americas;Депозитарные расписки иностранного эмитента на акции обыкновенные;Out of list;USD;USD;0.00000000;USD;;Y;T1;Режим переговорных сделок;;;;;;;;;;;;;;;;;;;;0.00;0.00;0.00;0.00;0.00;0.00;0.00;0.00;0.00;0.00;0;0.00;0.00;0.00;0.00;0.00000000;0.00;0.00;0.00000000;0.00000000;0.00000000;0.00;0.00;0;0.00000000;0.00000000;0.00;0.00;0.00000000;0.00;0.00;0.00000000;0.00000000;0.00000000;0.00;0.00;0;0.00000000;0.00000000
2023-07-14;IBN;US45104G1040;ICICI Bank Limited;Deutsche Bank Trust Company Americas;Депозитарные расписки иностранного эмитента на акции обыкновенные;Out of list;USD;USD;0.00000000;USD;;Y;T2;Режим переговорных сделок;;;;;;;;;;;;;;;;;;;;0.00;0.00;0.00;0.00;0.00;0.00;0.00;0.00;0.00;0.00;0;0.00;0.00;0.00;0.00;0.00000000;0.00;0.00;0.00000000;0.00000000;0.00000000;0.00;0.00;0;0.00000000;0.00000000;0.00;0.00;0.00000000;0.00;0.00;0.00000000;0.00000000;0.00000000;0.00;0.00;0;0.00000000;0.00000000
2023-07-14;RDY;US2561352038;Dr. Reddy's Laboratories Ltd;J.P. Morgan Chase Bank, N.A.;Депозитарные расписки иностранного эмитента на акции обыкновенные;Out of list;USD;USD;0.00000000;USD;;Y;T0;Режим переговорных сделок;;;;;;;;;;;;;;;;;;;;0.00;0.00;0.00;0.00;0.00;0.00;0.00;0.00;0.00;0.00;0;0.00;0.00;0.00;0.00;0.00000000;0.00;0.00;0.00000000;0.00000000;0.00000000;0.00;0.00;0;0.00000000;0.00000000;0.00;0.00;0.00000000;0.00;0.00;0.00000000;0.00000000;0.00000000;0.00;0.00;0;0.00000000;0.00000000
2023-07-14;RDY;US2561352038;Dr. Reddy's Laboratories Ltd;J.P. Morgan Chase Bank, N.A.;Депозитарные расписки иностранного эмитента на акции обыкновенные;Out of list;USD;USD;0.00000000;USD;;Y;T1;Режим переговорных сделок;;;;;;;;;;;;;;;;;;;;0.00;0.00;0.00;0.00;0.00;0.00;0.00;0.00;0.00;0.00;0;0.00;0.00;0.00;0.00;0.00000000;0.00;0.00;0.00000000;0.00000000;0.00000000;0.00;0.00;0;0.00000000;0.00000000;0.00;0.00;0.00000000;0.00;0.00;0.00000000;0.00000000;0.00000000;0.00;0.00;0;0.00000000;0.00000000
2023-07-14;RDY;US2561352038;Dr. Reddy's Laboratories Ltd;J.P. Morgan Chase Bank, N.A.;Депозитарные расписки иностранного эмитента на акции обыкновенные;Out of list;USD;USD;0.00000000;USD;;Y;T2;Режим переговорных сделок;;;;;;;;;;;;;;;;;;;;0.00;0.00;0.00;0.00;0.00;0.00;0.00;0.00;0.00;0.00;0;0.00;0.00;0.00;0.00;0.00000000;0.00;0.00;0.00000000;0.00000000;0.00000000;0.00;0.00;0;0.00000000;0.00000000;0.00;0.00;0.00000000;0.00;0.00;0.00000000;0.00000000;0.00000000;0.00;0.00;0;0.00000000;0.00000000
2023-07-14;IBN;US45104G1040;ICICI Bank Limited;Deutsche Bank Trust Company Americas;Депозитарные расписки иностранного эмитента на акции обыкновенные;Out of list;USD;USD;0.00000000;USD;;Y;T0T1;Режим торгов адресное репо;;;;;;;;;;;;;;;;;;;;0.00;0.00;0.00;0.00;0.00;0.00;0.00;0.00;0.00;0.00;0;0.00;0.00;0.00;0.00;0.00000000;0.00;0.00;0.00000000;0.00000000;0.00000000;0.00;0.00;0;0.00000000;0.00000000;0.00;0.00;0.00000000;0.00;0.00;0.00000000;0.00000000;0.00000000;0.00;0.00;0;0.00000000;0.00000000
2023-07-14;IBN;US45104G1040;ICICI Bank Limited;Deutsche Bank Trust Company Americas;Депозитарные расписки иностранного эмитента на акции обыкновенные;Out of list;USD;USD;0.00000000;USD;;Y;T0T2;Режим торгов адресное репо;;;;;;;;;;;;;;;;;;;;0.00;0.00;0.00;0.00;0.00;0.00;0.00;0.00;0.00;0.00;0;0.00;0.00;0.00;0.00;0.00000000;0.00;0.00;0.00000000;0.00000000;0.00000000;0.00;0.00;0;0.00000000;0.00000000;0.00;0.00;0.00000000;0.00;0.00;0.00000000;0.00000000;0.00000000;0.00;0.00;0;0.00000000;0.00000000
2023-07-14;IBN;US45104G1040;ICICI Bank Limited;Deutsche Bank Trust Company Americas;Депозитарные расписки иностранного эмитента на акции обыкновенные;Out of list;USD;USD;0.00000000;USD;;Y;T1T2;Режим торгов адресное репо;;;;;;;;;;;;;;;;;;;;0.00;0.00;0.00;0.00;0.00;0.00;0.00;0.00;0.00;0.00;0;0.00;0.00;0.00;0.00;0.00000000;0.00;0.00;0.00000000;0.00000000;0.00000000;0.00;0.00;0;0.00000000;0.00000000;0.00;0.00;0.00000000;0.00;0.00;0.00000000;0.00000000;0.00000000;0.00;0.00;0;0.00000000;0.00000000
2023-07-14;RDY;US2561352038;Dr. Reddy's Laboratories Ltd;J.P. Morgan Chase Bank, N.A.;Депозитарные расписки иностранного эмитента на акции обыкновенные;Out of list;USD;USD;0.00000000;USD;;Y;T0T1;Режим торгов адресное репо;;;;;;;;;;;;;;;;;;;;0.00;0.00;0.00;0.00;0.00;0.00;0.00;0.00;0.00;0.00;0;0.00;0.00;0.00;0.00;0.00000000;0.00;0.00;0.00000000;0.00000000;0.00000000;0.00;0.00;0;0.00000000;0.00000000;0.00;0.00;0.00000000;0.00;0.00;0.00000000;0.00000000;0.00000000;0.00;0.00;0;0.00000000;0.00000000
2023-07-14;RDY;US2561352038;Dr. Reddy's Laboratories Ltd;J.P. Morgan Chase Bank, N.A.;Депозитарные расписки иностранного эмитента на акции обыкновенные;Out of list;USD;USD;0.00000000;USD;;Y;T0T2;Режим торгов адресное репо;;;;;;;;;;;;;;;;;;;;0.00;0.00;0.00;0.00;0.00;0.00;0.00;0.00;0.00;0.00;0;0.00;0.00;0.00;0.00;0.00000000;0.00;0.00;0.00000000;0.00000000;0.00000000;0.00;0.00;0;0.00000000;0.00000000;0.00;0.00;0.00000000;0.00;0.00;0.00000000;0.00000000;0.00000000;0.00;0.00;0;0.00000000;0.00000000
2023-07-14;RDY;US2561352038;Dr. Reddy's Laboratories Ltd;J.P. Morgan Chase Bank, N.A.;Депозитарные расписки иностранного эмитента на акции обыкновенные;Out of list;USD;USD;0.00000000;USD;;Y;T1T2;Режим торгов адресное репо;;;;;;;;;;;;;;;;;;;;0.00;0.00;0.00;0.00;0.00;0.00;0.00;0.00;0.00;0.00;0;0.00;0.00;0.00;0.00;0.00000000;0.00;0.00;0.00000000;0.00000000;0.00000000;0.00;0.00;0;0.00000000;0.00000000;0.00;0.00;0.00000000;0.00;0.00;0.00000000;0.00000000;0.00000000;0.00;0.00;0;0.00000000;0.00000000
2023-07-14;BAST;KZ1C00001015;АО 'БАСТ';АО 'БАСТ';Акции иностранного эмитента обыкновенные;Out of list;RUB;KZT;1000.00000000;RUB;;Y;T0T1;Режим торгов адресное репо;;;;;;;;;;;;;;;;;;;;0.00;0.00;0.00;0.00;0.00;0.00;0.00;0.00;0.00;0.00;0;0.00;0.00;0.00;0.00;0.00000000;0.00;0.00;0.00000000;0.00000000;0.00000000;0.00;0.00;0;0.00000000;0.00000000;0.00;0.00;0.00000000;0.00;0.00;0.00000000;0.00000000;0.00000000;0.00;0.00;0;0.00000000;0.00000000
2023-07-14;BAST;KZ1C00001015;АО 'БАСТ';АО 'БАСТ';Акции иностранного эмитента обыкновенные;Out of list;RUB;KZT;1000.00000000;RUB;;Y;T0T2;Режим торгов адресное репо;;;;;;;;;;;;;;;;;;;;0.00;0.00;0.00;0.00;0.00;0.00;0.00;0.00;0.00;0.00;0;0.00;0.00;0.00;0.00;0.00000000;0.00;0.00;0.00000000;0.00000000;0.00000000;0.00;0.00;0;0.00000000;0.00000000;0.00;0.00;0.00000000;0.00;0.00;0.00000000;0.00000000;0.00000000;0.00;0.00;0;0.00000000;0.00000000
